,Longitude (x),Latitude (y),Station Name,Climate ID,Date/Time (LST),Year,Month,Day,Time (LST),Temp (°C),Temp Flag,Dew Point Temp (°C),Dew Point Temp Flag,Rel Hum (%),Rel Hum Flag,Precip. Amount (mm),Precip. Amount Flag,Wind Dir (10s deg),Wind Dir Flag,Wind Spd (km/h),Wind Spd Flag,Visibility (km),Visibility Flag,Stn Press (kPa),Stn Press Flag,Hmdx,Hmdx Flag,Wind Chill,Wind Chill Flag,Weather
0,-111.12,58.77,FORT CHIPEWYAN,3072655,2024-09-01 00:00,2024,9,1,00:00,13.3,,7.4,,67.0,,0.0,,13.0,,9.0,,16.1,,98.77,,,,,,
1,-111.12,58.77,FORT CHIPEWYAN,3072655,2024-09-01 01:00,2024,9,1,01:00,13.8,,9.3,,74.0,,0.0,,13.0,,9.0,,16.1,,98.71,,,,,,
2,-111.12,58.77,FORT CHIPEWYAN,3072655,2024-09-01 02:00,2024,9,1,02:00,13.4,,7.7,,68.0,,0.0,,13.0,,5.0,,16.1,,98.65,,,,,,
3,-111.12,58.77,FORT CHIPEWYAN,3072655,2024-09-01 03:00,2024,9,1,03:00,13.7,,7.9,,68.0,,0.0,,15.0,,15.0,,16.1,,98.55,,,,,,
4,-111.12,58.77,FORT CHIPEWYAN,3072655,2024-09-01 04:00,2024,9,1,04:00,13.8,,8.1,,68.0,,0.0,,17.0,,15.0,,16.1,,98.49,,,,,,
5,-111.12,58.77,FORT CHIPEWYAN,3072655,2024-09-01 05:00,2024,9,1,05:00,14.0,,7.8,,66.0,,0.0,,19.0,,13.0,,16.1,,98.4,,,,,,
6,-111.12,58.77,FORT CHIPEWYAN,3072655,2024-09-01 06:00,2024,9,1,06:00,13.8,,7.8,,67.0,,0.0,,16.0,,8.0,,16.1,,98.34,,,,,,
7,-111.12,58.77,FORT CHIPEWYAN,3072655,2024-09-01 07:00,2024,9,1,07:00,14.2,,8.4,,68.0,,0.0,,17.0,,8.0,,16.1,,98.27,,,,,,
8,-111.12,58.77,FORT CHIPEWYAN,3072655,2024-09-01 08:00,2024,9,1,08:00,15.6,,9.4,,66.0,,0.0,,,M,4.0,,6.4,,98.22,,,,,,Haze
9,-111.12,58.77,FORT CHIPEWYAN,3072655,2024-09-01 09:00,2024,9,1,09:00,15.9,,10.1,,68.0,,0.0,,15.0,,5.0,,16.1,,98.13,,,,,,
10,-111.12,58.77,FORT CHIPEWYAN,3072655,2024-09-01 10:00,2024,9,1,10:00,16.8,,11.5,,71.0,,0.0,,20.0,,11.0,,16.1,,98.1,,,,,,
11,-111.12,58.77,FORT CHIPEWYAN,3072655,2024-09-01 11:00,2024,9,1,11:00,19.4,,13.2,,67.0,,0.0,,,M,5.0,,16.1,,98.03,,,,,,
12,-111.12,58.77,FORT CHIPEWYAN,3072655,2024-09-01 12:00,2024,9,1,12:00,21.7,,14.2,,62.0,,0.0,,,,0.0,,16.1,,97.99,,25.0,,,,
13,-111.12,58.77,FORT CHIPEWYAN,3072655,2024-09-01 13:00,2024,9,1,13:00,23.6,,14.6,,56.0,,0.0,,29.0,,9.0,,16.1,,97.94,,27.0,,,,
14,-111.12,58.77,FORT CHIPEWYAN,3072655,2024-09-01 14:00,2024,9,1,14:00,25.1,,14.8,,52.0,,0.0,,28.0,,9.0,,16.1,,97.89,,29.0,,,,
15,-111.12,58.77,FORT CHIPEWYAN,3072655,2024-09-01 15:00,2024,9,1,15:00,25.7,,15.3,,52.0,,0.0,,26.0,,13.0,,16.1,,97.87,,30.0,,,,
16,-111.12,58.77,FORT CHIPEWYAN,3072655,2024-09-01 16:00,2024,9,1,16:00,25.8,,15.5,,52.0,,0.0,,27.0,,11.0,,16.1,,97.85,,30.0,,,,
17,-111.12,58.77,FORT CHIPEWYAN,3072655,2024-09-01 17:00,2024,9,1,17:00,25.5,,14.3,,50.0,,0.0,,28.0,,13.0,,16.1,,97.83,,29.0,,,,
18,-111.12,58.77,FORT CHIPEWYAN,3072655,2024-09-01 18:00,2024,9,1,18:00,24.9,,15.2,,54.0,,0.0,,,M,4.0,,16.1,,97.81,,29.0,,,,
19,-111.12,58.77,FORT CHIPEWYAN,3072655,2024-09-01 19:00,2024,9,1,19:00,21.5,,15.2,,67.0,,0.0,,14.0,,9.0,,16.1,,97.77,,26.0,,,,
20,-111.12,58.77,FORT CHIPEWYAN,3072655,2024-09-01 20:00,2024,9,1,20:00,17.6,,13.6,,77.0,,0.0,,10.0,,9.0,,16.1,,97.81,,,,,,
21,-111.12,58.77,FORT CHIPEWYAN,3072655,2024-09-01 21:00,2024,9,1,21:00,15.4,,12.6,,83.0,,0.0,,7.0,,5.0,,16.1,,97.81,,,,,,
22,-111.12,58.77,FORT CHIPEWYAN,3072655,2024-09-01 22:00,2024,9,1,22:00,15.6,,13.1,,85.0,,0.0,,7.0,,8.0,,16.1,,97.81,,,,,,
23,-111.12,58.77,FORT CHIPEWYAN,3072655,2024-09-01 23:00,2024,9,1,23:00,14.4,,13.1,,92.0,,0.0,,9.0,,4.0,,16.1,,97.82,,,,,,
24,-111.12,58.77,FORT CHIPEWYAN,3072655,2024-09-02 00:00,2024,9,2,00:00,13.6,,12.5,,93.0,,0.0,,6.0,,8.0,,16.1,,97.83,,,,,,
25,-111.12,58.77,FORT CHIPEWYAN,3072655,2024-09-02 01:00,2024,9,2,01:00,13.3,,12.4,,94.0,,0.0,,5.0,,8.0,,16.1,,97.84,,,,,,
26,-111.12,58.77,FORT CHIPEWYAN,3072655,2024-09-02 02:00,2024,9,2,02:00,13.0,,12.4,,96.0,,0.0,,6.0,,5.0,,16.1,,97.82,,,,,,
27,-111.12,58.77,FORT CHIPEWYAN,3072655,2024-09-02 03:00,2024,9,2,03:00,12.0,,11.4,,96.0,,0.0,,7.0,,5.0,,16.1,,97.84,,,,,,
28,-111.12,58.77,FORT CHIPEWYAN,3072655,2024-09-02 04:00,2024,9,2,04:00,12.3,,11.7,,96.0,,0.0,,6.0,,8.0,,16.1,,97.82,,,,,,
29,-111.12,58.77,FORT CHIPEWYAN,3072655,2024-09-02 05:00,2024,9,2,05:00,13.2,,12.7,,97.0,,0.0,,8.0,,8.0,,16.1,,97.81,,,,,,
30,-111.12,58.77,FORT CHIPEWYAN,3072655,2024-09-02 06:00,2024,9,2,06:00,14.3,,13.8,,97.0,,0.0,,7.0,,5.0,,16.1,,97.82,,,,,,
31,-111.12,58.77,FORT CHIPEWYAN,3072655,2024-09-02 07:00,2024,9,2,07:00,16.1,,15.5,,96.0,,0.0,,11.0,,5.0,,16.1,,97.81,,,,,,
32,-111.12,58.77,FORT CHIPEWYAN,3072655,2024-09-02 08:00,2024,9,2,08:00,16.8,,14.6,,87.0,,0.0,,12.0,,8.0,,16.1,,97.78,,,,,,
33,-111.12,58.77,FORT CHIPEWYAN,3072655,2024-09-02 09:00,2024,9,2,09:00,19.6,,14.9,,74.0,,0.0,,10.0,,8.0,,16.1,,97.75,,,,,,
34,-111.12,58.77,FORT CHIPEWYAN,3072655,2024-09-02 10:00,2024,9,2,10:00,23.0,,14.3,,58.0,,0.0,,,M,4.0,,16.1,,97.73,,27.0,,,,
35,-111.12,58.77,FORT CHIPEWYAN,3072655,2024-09-02 11:00,2024,9,2,11:00,23.5,,15.3,,60.0,,0.0,,18.0,,9.0,,16.1,,97.68,,28.0,,,,
36,-111.12,58.77,FORT CHIPEWYAN,3072655,2024-09-02 12:00,2024,9,2,12:00,25.0,,14.9,,53.0,,0.0,,19.0,,15.0,,16.1,,97.64,,29.0,,,,
37,-111.12,58.77,FORT CHIPEWYAN,3072655,2024-09-02 13:00,2024,9,2,13:00,27.1,,16.0,,50.0,,0.0,,18.0,,9.0,,16.1,,97.6,,32.0,,,,
38,-111.12,58.77,FORT CHIPEWYAN,3072655,2024-09-02 14:00,2024,9,2,14:00,28.5,,13.6,,40.0,,0.0,,25.0,,17.0,,16.1,,97.59,,32.0,,,,
39,-111.12,58.77,FORT CHIPEWYAN,3072655,2024-09-02 15:00,2024,9,2,15:00,27.5,,13.0,,40.0,,0.0,,27.0,,21.0,,16.1,,97.59,,30.0,,,,
40,-111.12,58.77,FORT CHIPEWYAN,3072655,2024-09-02 16:00,2024,9,2,16:00,27.1,,13.8,,43.0,,0.0,,27.0,,18.0,,16.1,,97.55,,30.0,,,,
41,-111.12,58.77,FORT CHIPEWYAN,3072655,2024-09-02 17:00,2024,9,2,17:00,25.9,,14.4,,48.0,,0.0,,28.0,,15.0,,16.1,,97.58,,30.0,,,,
42,-111.12,58.77,FORT CHIPEWYAN,3072655,2024-09-02 18:00,2024,9,2,18:00,18.6,,12.2,,66.0,,0.2,,33.0,,22.0,,16.1,,97.8,,,,,,"Thunderstorms,Moderate Rain"
43,-111.12,58.77,FORT CHIPEWYAN,3072655,2024-09-02 19:00,2024,9,2,19:00,17.0,,11.4,,69.0,,0.5,,35.0,,15.0,,16.1,,97.93,,,,,,
44,-111.12,58.77,FORT CHIPEWYAN,3072655,2024-09-02 20:00,2024,9,2,20:00,15.1,,11.0,,76.0,,0.0,,34.0,,18.0,,16.1,,98.05,,,,,,
45,-111.12,58.77,FORT CHIPEWYAN,3072655,2024-09-02 21:00,2024,9,2,21:00,14.5,,11.3,,81.0,,0.0,,34.0,,13.0,,16.1,,98.14,,,,,,
46,-111.12,58.77,FORT CHIPEWYAN,3072655,2024-09-02 22:00,2024,9,2,22:00,14.1,,10.6,,79.0,,0.0,,32.0,,21.0,,16.1,,98.22,,,,,,
47,-111.12,58.77,FORT CHIPEWYAN,3072655,2024-09-02 23:00,2024,9,2,23:00,13.5,,10.7,,83.0,,0.0,,31.0,,11.0,,16.1,,98.3,,,,,,
48,-111.12,58.77,FORT CHIPEWYAN,3072655,2024-09-03 00:00,2024,9,3,00:00,12.9,,10.5,,85.0,,0.0,,29.0,,9.0,,16.1,,98.33,,,,,,
49,-111.12,58.77,FORT CHIPEWYAN,3072655,2024-09-03 01:00,2024,9,3,01:00,13.1,,10.7,,85.0,,0.0,,30.0,,9.0,,16.1,,98.36,,,,,,
50,-111.12,58.77,FORT CHIPEWYAN,3072655,2024-09-03 02:00,2024,9,3,02:00,13.5,,10.9,,84.0,,0.0,,30.0,,11.0,,16.1,,98.41,,,,,,
51,-111.12,58.77,FORT CHIPEWYAN,3072655,2024-09-03 03:00,2024,9,3,03:00,13.3,,10.7,,84.0,,0.0,,30.0,,13.0,,16.1,,98.45,,,,,,
52,-111.12,58.77,FORT CHIPEWYAN,3072655,2024-09-03 04:00,2024,9,3,04:00,13.1,,10.7,,85.0,,0.0,,31.0,,13.0,,16.1,,98.47,,,,,,
53,-111.12,58.77,FORT CHIPEWYAN,3072655,2024-09-03 05:00,2024,9,3,05:00,12.9,,10.1,,83.0,,0.0,,31.0,,15.0,,16.1,,98.52,,,,,,
54,-111.12,58.77,FORT CHIPEWYAN,3072655,2024-09-03 06:00,2024,9,3,06:00,12.6,,9.4,,81.0,,0.0,,31.0,,13.0,,16.1,,98.57,,,,,,
55,-111.12,58.77,FORT CHIPEWYAN,3072655,2024-09-03 07:00,2024,9,3,07:00,12.4,,8.7,,78.0,,0.0,,32.0,,13.0,,16.1,,98.61,,,,,,
56,-111.12,58.77,FORT CHIPEWYAN,3072655,2024-09-03 08:00,2024,9,3,08:00,12.2,,8.1,,76.0,,0.0,,35.0,,13.0,,16.1,,98.65,,,,,,
57,-111.12,58.77,FORT CHIPEWYAN,3072655,2024-09-03 09:00,2024,9,3,09:00,11.8,,7.9,,77.0,,0.0,,33.0,,13.0,,16.1,,98.68,,,,,,
58,-111.12,58.77,FORT CHIPEWYAN,3072655,2024-09-03 10:00,2024,9,3,10:00,12.0,,8.0,,76.0,,0.0,,31.0,,11.0,,16.1,,98.72,,,,,,
59,-111.12,58.77,FORT CHIPEWYAN,3072655,2024-09-03 11:00,2024,9,3,11:00,12.6,,8.3,,75.0,,0.0,,27.0,,13.0,,16.1,,98.73,,,,,,
60,-111.12,58.77,FORT CHIPEWYAN,3072655,2024-09-03 12:00,2024,9,3,12:00,12.6,,7.9,,73.0,,0.0,,31.0,,13.0,,16.1,,98.74,,,,,,
61,-111.12,58.77,FORT CHIPEWYAN,3072655,2024-09-03 13:00,2024,9,3,13:00,12.5,,7.6,,72.0,,0.0,,31.0,,17.0,,16.1,,98.75,,,,,,
62,-111.12,58.77,FORT CHIPEWYAN,3072655,2024-09-03 14:00,2024,9,3,14:00,13.1,,7.5,,69.0,,0.0,,30.0,,15.0,,16.1,,98.75,,,,,,
63,-111.12,58.77,FORT CHIPEWYAN,3072655,2024-09-03 15:00,2024,9,3,15:00,12.9,,7.0,,67.0,,0.0,,31.0,,13.0,,16.1,,98.77,,,,,,
64,-111.12,58.77,FORT CHIPEWYAN,3072655,2024-09-03 16:00,2024,9,3,16:00,13.1,,6.7,,65.0,,0.0,,28.0,,15.0,,16.1,,98.78,,,,,,
65,-111.12,58.77,FORT CHIPEWYAN,3072655,2024-09-03 17:00,2024,9,3,17:00,12.6,,6.8,,68.0,,0.0,,33.0,,11.0,,16.1,,98.8,,,,,,
66,-111.12,58.77,FORT CHIPEWYAN,3072655,2024-09-03 18:00,2024,9,3,18:00,12.4,,6.7,,68.0,,0.0,,31.0,,9.0,,16.1,,98.81,,,,,,
67,-111.12,58.77,FORT CHIPEWYAN,3072655,2024-09-03 19:00,2024,9,3,19:00,11.9,,7.0,,72.0,,0.0,,30.0,,5.0,,16.1,,98.83,,,,,,
68,-111.12,58.77,FORT CHIPEWYAN,3072655,2024-09-03 20:00,2024,9,3,20:00,11.6,,6.4,,70.0,,0.0,,31.0,,5.0,,16.1,,98.87,,,,,,
69,-111.12,58.77,FORT CHIPEWYAN,3072655,2024-09-03 21:00,2024,9,3,21:00,10.8,,6.6,,75.0,,0.0,,29.0,,8.0,,16.1,,98.88,,,,,,
70,-111.12,58.77,FORT CHIPEWYAN,3072655,2024-09-03 22:00,2024,9,3,22:00,7.9,,6.5,,91.0,,0.0,,26.0,,5.0,,16.1,,98.95,,,,,,
71,-111.12,58.77,FORT CHIPEWYAN,3072655,2024-09-03 23:00,2024,9,3,23:00,6.5,,5.6,,94.0,,0.0,,,,0.0,,16.1,,98.97,,,,,,
72,-111.12,58.77,FORT CHIPEWYAN,3072655,2024-09-04 00:00,2024,9,4,00:00,4.8,,4.2,,96.0,,0.0,,27.0,,4.0,,16.1,,99.03,,,,,,
73,-111.12,58.77,FORT CHIPEWYAN,3072655,2024-09-04 01:00,2024,9,4,01:00,3.6,,3.1,,97.0,,0.0,,28.0,,5.0,,16.1,,99.05,,,,,,
74,-111.12,58.77,FORT CHIPEWYAN,3072655,2024-09-04 02:00,2024,9,4,02:00,2.6,,2.2,,97.0,,0.0,,25.0,,5.0,,16.1,,99.07,,,,,,
75,-111.12,58.77,FORT CHIPEWYAN,3072655,2024-09-04 03:00,2024,9,4,03:00,1.9,,1.5,,97.0,,0.0,,28.0,,5.0,,16.1,,99.12,,,,,,
76,-111.12,58.77,FORT CHIPEWYAN,3072655,2024-09-04 04:00,2024,9,4,04:00,0.9,,0.5,,97.0,,0.0,,,M,4.0,,16.1,,99.15,,,,,,
77,-111.12,58.77,FORT CHIPEWYAN,3072655,2024-09-04 05:00,2024,9,4,05:00,0.5,,0.1,,97.0,,0.0,,,,0.0,,16.1,,99.19,,,,,,
78,-111.12,58.77,FORT CHIPEWYAN,3072655,2024-09-04 06:00,2024,9,4,06:00,2.8,,2.5,,98.0,,0.0,,,,0.0,,16.1,,99.23,,,,,,
79,-111.12,58.77,FORT CHIPEWYAN,3072655,2024-09-04 07:00,2024,9,4,07:00,5.6,,5.2,,97.0,,0.0,,30.0,,4.0,,16.1,,99.3,,,,,,
80,-111.12,58.77,FORT CHIPEWYAN,3072655,2024-09-04 08:00,2024,9,4,08:00,8.2,,7.5,,95.0,,0.0,,,M,4.0,,16.1,,99.31,,,,,,Rain
81,-111.12,58.77,FORT CHIPEWYAN,3072655,2024-09-04 09:00,2024,9,4,09:00,10.6,,9.4,,92.0,,0.2,,24.0,,5.0,,16.1,,99.35,,,,,,
82,-111.12,58.77,FORT CHIPEWYAN,3072655,2024-09-04 10:00,2024,9,4,10:00,13.6,,10.3,,80.0,,0.0,,28.0,,15.0,,16.1,,99.39,,,,,,
83,-111.12,58.77,FORT CHIPEWYAN,3072655,2024-09-04 11:00,2024,9,4,11:00,13.3,,9.8,,79.0,,0.0,,27.0,,17.0,,16.1,,99.41,,,,,,
84,-111.12,58.77,FORT CHIPEWYAN,3072655,2024-09-04 12:00,2024,9,4,12:00,14.2,,10.0,,76.0,,0.0,,26.0,,13.0,,16.1,,99.42,,,,,,
85,-111.12,58.77,FORT CHIPEWYAN,3072655,2024-09-04 13:00,2024,9,4,13:00,15.4,,9.7,,68.0,,0.0,,26.0,,18.0,,16.1,,99.42,,,,,,
86,-111.12,58.77,FORT CHIPEWYAN,3072655,2024-09-04 14:00,2024,9,4,14:00,16.4,,9.6,,64.0,,0.0,,26.0,,22.0,,16.1,,99.42,,,,,,
87,-111.12,58.77,FORT CHIPEWYAN,3072655,2024-09-04 15:00,2024,9,4,15:00,17.7,,9.6,,59.0,,0.0,,26.0,,18.0,,16.1,,99.4,,,,,,
88,-111.12,58.77,FORT CHIPEWYAN,3072655,2024-09-04 16:00,2024,9,4,16:00,17.8,,9.1,,57.0,,0.0,,27.0,,21.0,,16.1,,99.37,,,,,,
89,-111.12,58.77,FORT CHIPEWYAN,3072655,2024-09-04 17:00,2024,9,4,17:00,17.2,,9.3,,59.0,,0.0,,25.0,,21.0,,16.1,,99.34,,,,,,
90,-111.12,58.77,FORT CHIPEWYAN,3072655,2024-09-04 18:00,2024,9,4,18:00,15.6,,9.3,,66.0,,0.0,,26.0,,17.0,,16.1,,99.34,,,,,,
91,-111.12,58.77,FORT CHIPEWYAN,3072655,2024-09-04 19:00,2024,9,4,19:00,14.0,,10.1,,77.0,,0.0,,27.0,,5.0,,16.1,,99.36,,,,,,
92,-111.12,58.77,FORT CHIPEWYAN,3072655,2024-09-04 20:00,2024,9,4,20:00,12.4,,9.8,,84.0,,0.0,,26.0,,8.0,,16.1,,99.39,,,,,,
93,-111.12,58.77,FORT CHIPEWYAN,3072655,2024-09-04 21:00,2024,9,4,21:00,13.4,,9.7,,78.0,,0.0,,36.0,,8.0,,16.1,,99.49,,,,,,
94,-111.12,58.77,FORT CHIPEWYAN,3072655,2024-09-04 22:00,2024,9,4,22:00,11.7,,8.2,,79.0,,0.0,,1.0,,15.0,,16.1,,99.55,,,,,,Rain
95,-111.12,58.77,FORT CHIPEWYAN,3072655,2024-09-04 23:00,2024,9,4,23:00,10.4,,8.7,,89.0,,0.2,,26.0,,5.0,,16.1,,99.52,,,,,,
96,-111.12,58.77,FORT CHIPEWYAN,3072655,2024-09-05 00:00,2024,9,5,00:00,8.7,,7.2,,90.0,,0.0,,,,0.0,,16.1,,99.57,,,,,,
97,-111.12,58.77,FORT CHIPEWYAN,3072655,2024-09-05 01:00,2024,9,5,01:00,6.0,,5.6,,97.0,,0.0,,,M,4.0,,16.1,,99.61,,,,,,
98,-111.12,58.77,FORT CHIPEWYAN,3072655,2024-09-05 02:00,2024,9,5,02:00,6.6,,6.3,,98.0,,0.0,,5.0,,9.0,,9.7,,99.63,,,,,,Fog
99,-111.12,58.77,FORT CHIPEWYAN,3072655,2024-09-05 03:00,2024,9,5,03:00,4.7,,4.4,,98.0,,0.0,,27.0,,5.0,,2.4,,99.67,,,,,,Fog
100,-111.12,58.77,FORT CHIPEWYAN,3072655,2024-09-05 04:00,2024,9,5,04:00,3.7,,3.4,,98.0,,0.0,,25.0,,5.0,,0.8,,99.72,,,,,,Fog
101,-111.12,58.77,FORT CHIPEWYAN,3072655,2024-09-05 05:00,2024,9,5,05:00,2.9,,2.6,,98.0,,0.0,,,,0.0,,4.8,,99.72,,,,,,Fog
102,-111.12,58.77,FORT CHIPEWYAN,3072655,2024-09-05 06:00,2024,9,5,06:00,3.7,,3.6,,99.0,,0.0,,7.0,,4.0,,0.2,,99.73,,,,,,Fog
103,-111.12,58.77,FORT CHIPEWYAN,3072655,2024-09-05 07:00,2024,9,5,07:00,5.1,,5.0,,99.0,,0.0,,,,0.0,,0.6,,99.78,,,,,,Fog
104,-111.12,58.77,FORT CHIPEWYAN,3072655,2024-09-05 08:00,2024,9,5,08:00,10.3,,9.4,,94.0,,0.0,,7.0,,4.0,,16.1,,99.77,,,,,,
105,-111.12,58.77,FORT CHIPEWYAN,3072655,2024-09-05 09:00,2024,9,5,09:00,13.2,,9.0,,76.0,,0.0,,23.0,,5.0,,16.1,,99.76,,,,,,
106,-111.12,58.77,FORT CHIPEWYAN,3072655,2024-09-05 10:00,2024,9,5,10:00,13.8,,9.2,,73.0,,0.0,,21.0,,13.0,,16.1,,99.77,,,,,,
107,-111.12,58.77,FORT CHIPEWYAN,3072655,2024-09-05 11:00,2024,9,5,11:00,15.1,,8.5,,64.0,,0.0,,16.0,,11.0,,16.1,,99.75,,,,,,
108,-111.12,58.77,FORT CHIPEWYAN,3072655,2024-09-05 12:00,2024,9,5,12:00,16.4,,9.2,,62.0,,0.0,,14.0,,13.0,,16.1,,99.68,,,,,,
109,-111.12,58.77,FORT CHIPEWYAN,3072655,2024-09-05 13:00,2024,9,5,13:00,17.6,,7.2,,50.0,,0.0,,14.0,,15.0,,16.1,,99.6,,,,,,
110,-111.12,58.77,FORT CHIPEWYAN,3072655,2024-09-05 14:00,2024,9,5,14:00,18.1,,7.6,,50.0,,0.0,,17.0,,15.0,,16.1,,99.56,,,,,,
111,-111.12,58.77,FORT CHIPEWYAN,3072655,2024-09-05 15:00,2024,9,5,15:00,19.5,,7.6,,46.0,,0.0,,14.0,,15.0,,16.1,,99.46,,,,,,
112,-111.12,58.77,FORT CHIPEWYAN,3072655,2024-09-05 16:00,2024,9,5,16:00,18.7,,8.0,,50.0,,0.0,,15.0,,11.0,,16.1,,99.38,,,,,,
113,-111.12,58.77,FORT CHIPEWYAN,3072655,2024-09-05 17:00,2024,9,5,17:00,18.0,,8.1,,52.0,,0.0,,14.0,,13.0,,16.1,,99.26,,,,,,
114,-111.12,58.77,FORT CHIPEWYAN,3072655,2024-09-05 18:00,2024,9,5,18:00,17.5,,8.5,,55.0,,0.0,,14.0,,13.0,,16.1,,99.15,,,,,,
115,-111.12,58.77,FORT CHIPEWYAN,3072655,2024-09-05 19:00,2024,9,5,19:00,17.2,,7.4,,52.0,,0.0,,15.0,,13.0,,16.1,,99.06,,,,,,
116,-111.12,58.77,FORT CHIPEWYAN,3072655,2024-09-05 20:00,2024,9,5,20:00,17.1,,7.0,,51.0,,0.0,,16.0,,15.0,,16.1,,99.0,,,,,,
117,-111.12,58.77,FORT CHIPEWYAN,3072655,2024-09-05 21:00,2024,9,5,21:00,16.7,,6.9,,52.0,,0.0,,16.0,,15.0,,16.1,,98.93,,,,,,
118,-111.12,58.77,FORT CHIPEWYAN,3072655,2024-09-05 22:00,2024,9,5,22:00,15.7,,7.3,,57.0,,0.0,,17.0,,17.0,,16.1,,98.85,,,,,,
119,-111.12,58.77,FORT CHIPEWYAN,3072655,2024-09-05 23:00,2024,9,5,23:00,15.7,,6.8,,55.0,,0.0,,17.0,,15.0,,16.1,,98.77,,,,,,
120,-111.12,58.77,FORT CHIPEWYAN,3072655,2024-09-06 00:00,2024,9,6,00:00,15.3,,6.9,,57.0,,0.0,,17.0,,18.0,,16.1,,98.68,,,,,,
121,-111.12,58.77,FORT CHIPEWYAN,3072655,2024-09-06 01:00,2024,9,6,01:00,15.6,,6.9,,56.0,,0.0,,17.0,,17.0,,16.1,,98.59,,,,,,
122,-111.12,58.77,FORT CHIPEWYAN,3072655,2024-09-06 02:00,2024,9,6,02:00,15.1,,6.7,,57.0,,0.0,,18.0,,15.0,,16.1,,98.47,,,,,,
123,-111.12,58.77,FORT CHIPEWYAN,3072655,2024-09-06 03:00,2024,9,6,03:00,14.8,,6.6,,58.0,,0.0,,17.0,,17.0,,16.1,,98.33,,,,,,
124,-111.12,58.77,FORT CHIPEWYAN,3072655,2024-09-06 04:00,2024,9,6,04:00,14.7,,6.4,,57.0,,0.0,,18.0,,21.0,,16.1,,98.27,,,,,,
125,-111.12,58.77,FORT CHIPEWYAN,3072655,2024-09-06 05:00,2024,9,6,05:00,14.4,,6.5,,59.0,,0.0,,20.0,,11.0,,16.1,,98.2,,,,,,
126,-111.12,58.77,FORT CHIPEWYAN,3072655,2024-09-06 06:00,2024,9,6,06:00,14.1,,7.0,,62.0,,0.0,,19.0,,15.0,,16.1,,98.11,,,,,,
127,-111.12,58.77,FORT CHIPEWYAN,3072655,2024-09-06 07:00,2024,9,6,07:00,14.5,,7.8,,64.0,,0.0,,22.0,,9.0,,16.1,,98.16,,,,,,
128,-111.12,58.77,FORT CHIPEWYAN,3072655,2024-09-06 08:00,2024,9,6,08:00,16.0,,8.9,,62.0,,0.0,,23.0,,9.0,,16.1,,98.15,,,,,,
129,-111.12,58.77,FORT CHIPEWYAN,3072655,2024-09-06 09:00,2024,9,6,09:00,17.7,,10.7,,63.0,,0.0,,26.0,,22.0,,16.1,,98.16,,,,,,
130,-111.12,58.77,FORT CHIPEWYAN,3072655,2024-09-06 10:00,2024,9,6,10:00,18.5,,12.2,,66.0,,0.0,,26.0,,22.0,,16.1,,98.21,,,,,,
131,-111.12,58.77,FORT CHIPEWYAN,3072655,2024-09-06 11:00,2024,9,6,11:00,19.9,,13.2,,65.0,,0.0,,25.0,,15.0,,16.1,,98.25,,,,,,
132,-111.12,58.77,FORT CHIPEWYAN,3072655,2024-09-06 12:00,2024,9,6,12:00,21.2,,13.2,,60.0,,0.0,,27.0,,21.0,,16.1,,98.27,,,,,,
133,-111.12,58.77,FORT CHIPEWYAN,3072655,2024-09-06 13:00,2024,9,6,13:00,22.2,,12.7,,55.0,,0.0,,26.0,,18.0,,16.1,,98.27,,25.0,,,,
134,-111.12,58.77,FORT CHIPEWYAN,3072655,2024-09-06 14:00,2024,9,6,14:00,24.2,,12.0,,46.0,,0.0,,27.0,,21.0,,16.1,,98.24,,26.0,,,,
135,-111.12,58.77,FORT CHIPEWYAN,3072655,2024-09-06 15:00,2024,9,6,15:00,24.5,,10.3,,40.0,,0.0,,27.0,,22.0,,16.1,,98.25,,26.0,,,,
136,-111.12,58.77,FORT CHIPEWYAN,3072655,2024-09-06 16:00,2024,9,6,16:00,23.0,,11.4,,47.0,,0.0,,27.0,,11.0,,16.1,,98.25,,25.0,,,,
137,-111.12,58.77,FORT CHIPEWYAN,3072655,2024-09-06 17:00,2024,9,6,17:00,23.5,,11.3,,46.0,,0.0,,25.0,,13.0,,16.1,,98.2,,25.0,,,,
138,-111.12,58.77,FORT CHIPEWYAN,3072655,2024-09-06 18:00,2024,9,6,18:00,22.4,,13.8,,58.0,,0.0,,26.0,,9.0,,16.1,,98.19,,26.0,,,,
139,-111.12,58.77,FORT CHIPEWYAN,3072655,2024-09-06 19:00,2024,9,6,19:00,19.2,,13.2,,68.0,,0.0,,27.0,,5.0,,16.1,,98.2,,,,,,
140,-111.12,58.77,FORT CHIPEWYAN,3072655,2024-09-06 20:00,2024,9,6,20:00,16.8,,11.9,,73.0,,0.0,,28.0,,9.0,,14.5,,98.22,,,,,,
141,-111.12,58.77,FORT CHIPEWYAN,3072655,2024-09-06 21:00,2024,9,6,21:00,12.7,,10.2,,85.0,,0.0,,,,0.0,,16.1,,98.25,,,,,,
142,-111.12,58.77,FORT CHIPEWYAN,3072655,2024-09-06 22:00,2024,9,6,22:00,11.2,,9.3,,88.0,,0.0,,,,0.0,,16.1,,98.26,,,,,,
143,-111.12,58.77,FORT CHIPEWYAN,3072655,2024-09-06 23:00,2024,9,6,23:00,10.9,,9.6,,92.0,,0.0,,,,0.0,,16.1,,98.27,,,,,,
144,-111.12,58.77,FORT CHIPEWYAN,3072655,2024-09-07 00:00,2024,9,7,00:00,9.7,,8.6,,93.0,,0.0,,,,0.0,,16.1,,98.29,,,,,,
145,-111.12,58.77,FORT CHIPEWYAN,3072655,2024-09-07 01:00,2024,9,7,01:00,9.4,,8.5,,94.0,,0.0,,,,0.0,,16.1,,98.3,,,,,,
146,-111.12,58.77,FORT CHIPEWYAN,3072655,2024-09-07 02:00,2024,9,7,02:00,7.6,,6.9,,95.0,,0.0,,,,0.0,,16.1,,98.31,,,,,,
147,-111.12,58.77,FORT CHIPEWYAN,3072655,2024-09-07 03:00,2024,9,7,03:00,8.2,,7.6,,96.0,,0.0,,5.0,,4.0,,16.1,,98.3,,,,,,
148,-111.12,58.77,FORT CHIPEWYAN,3072655,2024-09-07 04:00,2024,9,7,04:00,7.7,,7.1,,96.0,,0.0,,,,0.0,,16.1,,98.34,,,,,,
149,-111.12,58.77,FORT CHIPEWYAN,3072655,2024-09-07 05:00,2024,9,7,05:00,8.4,,8.0,,97.0,,0.0,,28.0,,4.0,,16.1,,98.31,,,,,,
150,-111.12,58.77,FORT CHIPEWYAN,3072655,2024-09-07 06:00,2024,9,7,06:00,9.2,,8.8,,97.0,,0.0,,,,0.0,,16.1,,98.32,,,,,,
151,-111.12,58.77,FORT CHIPEWYAN,3072655,2024-09-07 07:00,2024,9,7,07:00,12.0,,11.4,,96.0,,0.0,,7.0,,4.0,,16.1,,98.31,,,,,,
152,-111.12,58.77,FORT CHIPEWYAN,3072655,2024-09-07 08:00,2024,9,7,08:00,15.7,,13.2,,85.0,,0.0,,,,0.0,,16.1,,98.29,,,,,,
153,-111.12,58.77,FORT CHIPEWYAN,3072655,2024-09-07 09:00,2024,9,7,09:00,16.3,,12.2,,76.0,,0.0,,22.0,,5.0,,16.1,,98.28,,,,,,
154,-111.12,58.77,FORT CHIPEWYAN,3072655,2024-09-07 10:00,2024,9,7,10:00,19.3,,12.1,,63.0,,0.0,,,M,4.0,,16.1,,98.28,,,,,,
155,-111.12,58.77,FORT CHIPEWYAN,3072655,2024-09-07 11:00,2024,9,7,11:00,22.6,,11.7,,50.0,,0.0,,24.0,,5.0,,16.1,,98.2,,25.0,,,,
156,-111.12,58.77,FORT CHIPEWYAN,3072655,2024-09-07 12:00,2024,9,7,12:00,22.5,,13.1,,55.0,,0.0,,,M,9.0,,16.1,,98.18,,25.0,,,,
157,-111.12,58.77,FORT CHIPEWYAN,3072655,2024-09-07 13:00,2024,9,7,13:00,24.1,,13.1,,50.0,,0.0,,22.0,,8.0,,16.1,,98.11,,27.0,,,,
158,-111.12,58.77,FORT CHIPEWYAN,3072655,2024-09-07 14:00,2024,9,7,14:00,25.4,,11.8,,42.0,,0.0,,20.0,,9.0,,16.1,,98.04,,28.0,,,,
159,-111.12,58.77,FORT CHIPEWYAN,3072655,2024-09-07 15:00,2024,9,7,15:00,26.0,,12.3,,42.0,,0.0,,24.0,,5.0,,16.1,,97.98,,28.0,,,,
160,-111.12,58.77,FORT CHIPEWYAN,3072655,2024-09-07 16:00,2024,9,7,16:00,25.5,,12.8,,45.0,,0.0,,12.0,,9.0,,16.1,,97.92,,28.0,,,,
161,-111.12,58.77,FORT CHIPEWYAN,3072655,2024-09-07 17:00,2024,9,7,17:00,24.2,,12.7,,48.0,,0.0,,11.0,,8.0,,3.6,,97.9,,27.0,,,,Haze
162,-111.12,58.77,FORT CHIPEWYAN,3072655,2024-09-07 18:00,2024,9,7,18:00,23.2,,14.4,,57.0,,0.0,,15.0,,5.0,,16.1,,97.87,,27.0,,,,
163,-111.12,58.77,FORT CHIPEWYAN,3072655,2024-09-07 19:00,2024,9,7,19:00,20.0,,14.4,,70.0,,0.0,,,M,4.0,,11.3,,97.86,,,,,,
164,-111.12,58.77,FORT CHIPEWYAN,3072655,2024-09-07 20:00,2024,9,7,20:00,15.2,,12.6,,84.0,,0.0,,12.0,,8.0,,16.1,,97.88,,,,,,
165,-111.12,58.77,FORT CHIPEWYAN,3072655,2024-09-07 21:00,2024,9,7,21:00,14.9,,12.3,,84.0,,0.0,,8.0,,5.0,,16.1,,97.86,,,,,,
166,-111.12,58.77,FORT CHIPEWYAN,3072655,2024-09-07 22:00,2024,9,7,22:00,13.0,,11.1,,88.0,,0.0,,5.0,,5.0,,16.1,,97.86,,,,,,
167,-111.12,58.77,FORT CHIPEWYAN,3072655,2024-09-07 23:00,2024,9,7,23:00,12.1,,10.5,,90.0,,0.0,,,M,4.0,,16.1,,97.88,,,,,,
168,-111.12,58.77,FORT CHIPEWYAN,3072655,2024-09-08 00:00,2024,9,8,00:00,13.2,,11.6,,90.0,,0.0,,27.0,,8.0,,16.1,,97.9,,,,,,
169,-111.12,58.77,FORT CHIPEWYAN,3072655,2024-09-08 01:00,2024,9,8,01:00,13.1,,11.8,,92.0,,0.0,,27.0,,8.0,,16.1,,97.95,,,,,,
170,-111.12,58.77,FORT CHIPEWYAN,3072655,2024-09-08 02:00,2024,9,8,02:00,11.4,,10.6,,95.0,,0.0,,28.0,,9.0,,16.1,,98.01,,,,,,
171,-111.12,58.77,FORT CHIPEWYAN,3072655,2024-09-08 03:00,2024,9,8,03:00,9.5,,9.1,,97.0,,0.0,,27.0,,5.0,,16.1,,98.05,,,,,,
172,-111.12,58.77,FORT CHIPEWYAN,3072655,2024-09-08 04:00,2024,9,8,04:00,9.1,,8.8,,98.0,,0.0,,28.0,,9.0,,1.6,,98.09,,,,,,Fog
173,-111.12,58.77,FORT CHIPEWYAN,3072655,2024-09-08 05:00,2024,9,8,05:00,9.2,,8.8,,97.0,,0.0,,26.0,,9.0,,16.1,,98.1,,,,,,
174,-111.12,58.77,FORT CHIPEWYAN,3072655,2024-09-08 06:00,2024,9,8,06:00,10.8,,10.5,,98.0,,0.0,,26.0,,9.0,,16.1,,98.15,,,,,,
175,-111.12,58.77,FORT CHIPEWYAN,3072655,2024-09-08 07:00,2024,9,8,07:00,12.8,,12.5,,98.0,,0.0,,30.0,,8.0,,16.1,,98.14,,,,,,
176,-111.12,58.77,FORT CHIPEWYAN,3072655,2024-09-08 08:00,2024,9,8,08:00,14.5,,13.4,,93.0,,0.0,,,M,4.0,,16.1,,98.15,,,,,,
177,-111.12,58.77,FORT CHIPEWYAN,3072655,2024-09-08 09:00,2024,9,8,09:00,17.5,,13.0,,74.0,,0.0,,24.0,,8.0,,16.1,,98.12,,,,,,
178,-111.12,58.77,FORT CHIPEWYAN,3072655,2024-09-08 10:00,2024,9,8,10:00,19.1,,10.5,,57.0,,0.0,,27.0,,8.0,,16.1,,98.15,,,,,,
179,-111.12,58.77,FORT CHIPEWYAN,3072655,2024-09-08 11:00,2024,9,8,11:00,18.9,,7.2,,46.0,,0.0,,31.0,,8.0,,16.1,,98.13,,,,,,
180,-111.12,58.77,FORT CHIPEWYAN,3072655,2024-09-08 12:00,2024,9,8,12:00,19.2,,6.5,,43.0,,0.0,,,M,4.0,,16.1,,98.08,,,,,,
181,-111.12,58.77,FORT CHIPEWYAN,3072655,2024-09-08 13:00,2024,9,8,13:00,20.2,,7.7,,44.0,,0.0,,11.0,,9.0,,16.1,,98.01,,,,,,
182,-111.12,58.77,FORT CHIPEWYAN,3072655,2024-09-08 14:00,2024,9,8,14:00,20.2,,7.7,,44.0,,0.0,,9.0,,11.0,,16.1,,97.98,,,,,,
183,-111.12,58.77,FORT CHIPEWYAN,3072655,2024-09-08 15:00,2024,9,8,15:00,20.1,,11.2,,56.0,,0.0,,12.0,,5.0,,16.1,,97.94,,,,,,
184,-111.12,58.77,FORT CHIPEWYAN,3072655,2024-09-08 16:00,2024,9,8,16:00,17.6,,13.2,,75.0,,0.0,,12.0,,8.0,,16.1,,97.88,,,,,,Rain
185,-111.12,58.77,FORT CHIPEWYAN,3072655,2024-09-08 17:00,2024,9,8,17:00,18.4,,8.5,,52.0,,0.0,,6.0,,18.0,,1.0,,97.84,,,,,,Haze
186,-111.12,58.77,FORT CHIPEWYAN,3072655,2024-09-08 18:00,2024,9,8,18:00,18.1,,8.6,,53.0,,0.0,,4.0,,15.0,,4.8,,97.9,,,,,,Rain
187,-111.12,58.77,FORT CHIPEWYAN,3072655,2024-09-08 19:00,2024,9,8,19:00,16.2,,10.2,,67.0,,0.2,,9.0,,17.0,,0.0,,97.77,,,,,,Rain
188,-111.12,58.77,FORT CHIPEWYAN,3072655,2024-09-08 20:00,2024,9,8,20:00,16.3,,11.3,,72.0,,0.0,,8.0,,22.0,,0.2,,97.79,,,,,,Haze
189,-111.12,58.77,FORT CHIPEWYAN,3072655,2024-09-08 21:00,2024,9,8,21:00,16.2,,11.3,,72.0,,0.0,,8.0,,18.0,,0.2,,97.74,,,,,,Haze
190,-111.12,58.77,FORT CHIPEWYAN,3072655,2024-09-08 22:00,2024,9,8,22:00,16.3,,11.3,,72.0,,0.0,,8.0,,21.0,,0.2,,97.7,,,,,,Haze
191,-111.12,58.77,FORT CHIPEWYAN,3072655,2024-09-08 23:00,2024,9,8,23:00,16.3,,10.7,,69.0,,0.0,,7.0,,21.0,,0.8,,97.62,,,,,,Haze
192,-111.12,58.77,FORT CHIPEWYAN,3072655,2024-09-09 00:00,2024,9,9,00:00,15.3,,11.9,,80.0,,0.0,,7.0,,24.0,,0.8,,97.51,,,,,,Haze
193,-111.12,58.77,FORT CHIPEWYAN,3072655,2024-09-09 01:00,2024,9,9,01:00,15.2,,11.4,,78.0,,0.0,,7.0,,21.0,,0.8,,97.46,,,,,,Haze
194,-111.12,58.77,FORT CHIPEWYAN,3072655,2024-09-09 02:00,2024,9,9,02:00,15.2,,11.2,,77.0,,0.0,,6.0,,18.0,,2.8,,97.44,,,,,,Haze
195,-111.12,58.77,FORT CHIPEWYAN,3072655,2024-09-09 03:00,2024,9,9,03:00,15.6,,10.6,,72.0,,0.0,,7.0,,22.0,,1.2,,97.31,,,,,,Haze
196,-111.12,58.77,FORT CHIPEWYAN,3072655,2024-09-09 04:00,2024,9,9,04:00,15.4,,10.6,,73.0,,0.0,,6.0,,13.0,,0.8,,97.27,,,,,,Haze
197,-111.12,58.77,FORT CHIPEWYAN,3072655,2024-09-09 05:00,2024,9,9,05:00,15.4,,10.8,,74.0,,0.0,,7.0,,15.0,,0.4,,97.16,,,,,,Haze
198,-111.12,58.77,FORT CHIPEWYAN,3072655,2024-09-09 06:00,2024,9,9,06:00,15.2,,11.3,,77.0,,0.0,,8.0,,11.0,,0.2,,97.18,,,,,,Haze
199,-111.12,58.77,FORT CHIPEWYAN,3072655,2024-09-09 07:00,2024,9,9,07:00,14.6,,10.7,,77.0,,0.0,,34.0,,13.0,,16.1,,97.05,,,,,,
200,-111.12,58.77,FORT CHIPEWYAN,3072655,2024-09-09 08:00,2024,9,9,08:00,13.4,,11.1,,86.0,,0.0,,33.0,,15.0,,16.1,,97.2,,,,,,
201,-111.12,58.77,FORT CHIPEWYAN,3072655,2024-09-09 09:00,2024,9,9,09:00,13.9,,11.8,,87.0,,0.0,,31.0,,15.0,,16.1,,97.1,,,,,,
202,-111.12,58.77,FORT CHIPEWYAN,3072655,2024-09-09 10:00,2024,9,9,10:00,14.2,,12.3,,88.0,,0.0,,32.0,,22.0,,16.1,,97.15,,,,,,
203,-111.12,58.77,FORT CHIPEWYAN,3072655,2024-09-09 11:00,2024,9,9,11:00,13.5,,12.2,,92.0,,0.0,,2.0,,21.0,,16.1,,97.06,,,,,,Rain
204,-111.12,58.77,FORT CHIPEWYAN,3072655,2024-09-09 12:00,2024,9,9,12:00,14.2,,12.6,,90.0,,0.0,,29.0,,15.0,,16.1,,97.23,,,,,,
205,-111.12,58.77,FORT CHIPEWYAN,3072655,2024-09-09 13:00,2024,9,9,13:00,13.2,,12.3,,94.0,,0.2,,28.0,,21.0,,16.1,,97.33,,,,,,Rain
206,-111.12,58.77,FORT CHIPEWYAN,3072655,2024-09-09 14:00,2024,9,9,14:00,12.6,,12.0,,96.0,,0.0,,27.0,,13.0,,16.1,,97.28,,,,,,
207,-111.12,58.77,FORT CHIPEWYAN,3072655,2024-09-09 15:00,2024,9,9,15:00,12.3,,11.5,,95.0,,0.0,,29.0,,18.0,,16.1,,97.32,,,,,,
208,-111.12,58.77,FORT CHIPEWYAN,3072655,2024-09-09 16:00,2024,9,9,16:00,12.2,,11.6,,96.0,,0.2,,26.0,,13.0,,16.1,,97.37,,,,,,Rain
209,-111.12,58.77,FORT CHIPEWYAN,3072655,2024-09-09 17:00,2024,9,9,17:00,12.0,,11.5,,97.0,,0.2,,28.0,,15.0,,4.8,,97.37,,,,,,"Rain,Fog"
210,-111.12,58.77,FORT CHIPEWYAN,3072655,2024-09-09 18:00,2024,9,9,18:00,11.8,,11.3,,97.0,,1.2,,28.0,,17.0,,4.0,,97.41,,,,,,"Moderate Rain,Fog"
211,-111.12,58.77,FORT CHIPEWYAN,3072655,2024-09-09 19:00,2024,9,9,19:00,11.7,,10.9,,95.0,,1.5,,29.0,,21.0,,9.7,,97.47,,,,,,"Rain,Fog"
212,-111.12,58.77,FORT CHIPEWYAN,3072655,2024-09-09 20:00,2024,9,9,20:00,11.6,,10.7,,94.0,,0.8,,29.0,,24.0,,16.1,,97.55,,,,,,Rain
213,-111.12,58.77,FORT CHIPEWYAN,3072655,2024-09-09 21:00,2024,9,9,21:00,11.3,,10.5,,95.0,,0.8,,29.0,,22.0,,16.1,,97.61,,,,,,Rain
214,-111.12,58.77,FORT CHIPEWYAN,3072655,2024-09-09 22:00,2024,9,9,22:00,11.2,,10.4,,95.0,,0.5,,28.0,,22.0,,16.1,,97.67,,,,,,Rain
215,-111.12,58.77,FORT CHIPEWYAN,3072655,2024-09-09 23:00,2024,9,9,23:00,11.2,,10.3,,94.0,,0.2,,28.0,,24.0,,16.1,,97.75,,,,,,
216,-111.12,58.77,FORT CHIPEWYAN,3072655,2024-09-10 00:00,2024,9,10,00:00,10.3,,9.4,,94.0,,0.0,,28.0,,18.0,,16.1,,97.79,,,,,,
217,-111.12,58.77,FORT CHIPEWYAN,3072655,2024-09-10 01:00,2024,9,10,01:00,9.7,,8.6,,93.0,,0.0,,28.0,,17.0,,16.1,,97.83,,,,,,
218,-111.12,58.77,FORT CHIPEWYAN,3072655,2024-09-10 02:00,2024,9,10,02:00,8.8,,7.9,,94.0,,0.0,,27.0,,13.0,,16.1,,97.87,,,,,,
219,-111.12,58.77,FORT CHIPEWYAN,3072655,2024-09-10 03:00,2024,9,10,03:00,8.0,,7.4,,96.0,,0.0,,27.0,,15.0,,16.1,,97.92,,,,,,
220,-111.12,58.77,FORT CHIPEWYAN,3072655,2024-09-10 04:00,2024,9,10,04:00,8.3,,7.4,,94.0,,0.0,,28.0,,15.0,,16.1,,97.95,,,,,,
221,-111.12,58.77,FORT CHIPEWYAN,3072655,2024-09-10 05:00,2024,9,10,05:00,8.2,,7.3,,94.0,,0.0,,27.0,,15.0,,16.1,,97.99,,,,,,
222,-111.12,58.77,FORT CHIPEWYAN,3072655,2024-09-10 06:00,2024,9,10,06:00,7.8,,7.4,,97.0,,0.0,,28.0,,15.0,,16.1,,98.02,,,,,,
223,-111.12,58.77,FORT CHIPEWYAN,3072655,2024-09-10 07:00,2024,9,10,07:00,8.3,,7.6,,95.0,,0.0,,27.0,,18.0,,16.1,,98.05,,,,,,
224,-111.12,58.77,FORT CHIPEWYAN,3072655,2024-09-10 08:00,2024,9,10,08:00,9.4,,7.7,,89.0,,0.0,,29.0,,17.0,,16.1,,98.08,,,,,,
225,-111.12,58.77,FORT CHIPEWYAN,3072655,2024-09-10 09:00,2024,9,10,09:00,11.2,,7.0,,75.0,,0.0,,29.0,,24.0,,16.1,,98.12,,,,,,
226,-111.12,58.77,FORT CHIPEWYAN,3072655,2024-09-10 10:00,2024,9,10,10:00,11.7,,6.7,,71.0,,0.0,,29.0,,28.0,,16.1,,98.15,,,,,,
227,-111.12,58.77,FORT CHIPEWYAN,3072655,2024-09-10 11:00,2024,9,10,11:00,12.2,,6.9,,70.0,,0.0,,27.0,,26.0,,16.1,,98.17,,,,,,
228,-111.12,58.77,FORT CHIPEWYAN,3072655,2024-09-10 12:00,2024,9,10,12:00,14.2,,6.2,,59.0,,0.0,,29.0,,28.0,,16.1,,98.18,,,,,,
229,-111.12,58.77,FORT CHIPEWYAN,3072655,2024-09-10 13:00,2024,9,10,13:00,13.8,,4.5,,53.0,,0.0,,31.0,,26.0,,16.1,,98.21,,,,,,
230,-111.12,58.77,FORT CHIPEWYAN,3072655,2024-09-10 14:00,2024,9,10,14:00,14.3,,5.9,,57.0,,0.0,,32.0,,17.0,,16.1,,98.23,,,,,,
231,-111.12,58.77,FORT CHIPEWYAN,3072655,2024-09-10 15:00,2024,9,10,15:00,13.2,,5.5,,59.0,,0.0,,33.0,,13.0,,16.1,,98.24,,,,,,
232,-111.12,58.77,FORT CHIPEWYAN,3072655,2024-09-10 16:00,2024,9,10,16:00,14.3,,4.6,,52.0,,0.0,,29.0,,24.0,,16.1,,98.25,,,,,,
233,-111.12,58.77,FORT CHIPEWYAN,3072655,2024-09-10 17:00,2024,9,10,17:00,14.1,,5.3,,55.0,,0.0,,32.0,,15.0,,16.1,,98.28,,,,,,
234,-111.12,58.77,FORT CHIPEWYAN,3072655,2024-09-10 18:00,2024,9,10,18:00,13.0,,4.8,,57.0,,0.0,,32.0,,9.0,,16.1,,98.32,,,,,,
235,-111.12,58.77,FORT CHIPEWYAN,3072655,2024-09-10 19:00,2024,9,10,19:00,10.4,,5.1,,69.0,,0.0,,34.0,,5.0,,16.1,,98.37,,,,,,
236,-111.12,58.77,FORT CHIPEWYAN,3072655,2024-09-10 20:00,2024,9,10,20:00,4.9,,3.2,,89.0,,0.0,,,,0.0,,16.1,,98.4,,,,,,
237,-111.12,58.77,FORT CHIPEWYAN,3072655,2024-09-10 21:00,2024,9,10,21:00,3.4,,2.2,,92.0,,0.0,,,,0.0,,16.1,,98.44,,,,,,
238,-111.12,58.77,FORT CHIPEWYAN,3072655,2024-09-10 22:00,2024,9,10,22:00,2.4,,1.6,,95.0,,0.0,,,,0.0,,16.1,,98.49,,,,,,
239,-111.12,58.77,FORT CHIPEWYAN,3072655,2024-09-10 23:00,2024,9,10,23:00,1.5,,0.9,,96.0,,0.0,,,,0.0,,16.1,,98.5,,,,,,
240,-111.12,58.77,FORT CHIPEWYAN,3072655,2024-09-11 00:00,2024,9,11,00:00,2.1,,1.7,,97.0,,0.0,,7.0,,4.0,,16.1,,98.53,,,,,,
241,-111.12,58.77,FORT CHIPEWYAN,3072655,2024-09-11 01:00,2024,9,11,01:00,1.9,,1.6,,98.0,,0.0,,7.0,,4.0,,16.1,,98.54,,,,,,
242,-111.12,58.77,FORT CHIPEWYAN,3072655,2024-09-11 02:00,2024,9,11,02:00,1.8,,1.5,,98.0,,0.0,,8.0,,4.0,,14.5,,98.57,,,,,,
243,-111.12,58.77,FORT CHIPEWYAN,3072655,2024-09-11 03:00,2024,9,11,03:00,0.0,,-0.4,,97.0,,0.0,,,,0.0,,14.5,,98.62,,,,,,
244,-111.12,58.77,FORT CHIPEWYAN,3072655,2024-09-11 04:00,2024,9,11,04:00,0.0,,-0.4,,97.0,,0.0,,,,0.0,,11.3,,98.65,,,,,,
245,-111.12,58.77,FORT CHIPEWYAN,3072655,2024-09-11 05:00,2024,9,11,05:00,0.2,,-0.1,,98.0,,0.0,,7.0,,4.0,,2.0,,98.68,,,,,,Fog
246,-111.12,58.77,FORT CHIPEWYAN,3072655,2024-09-11 06:00,2024,9,11,06:00,1.0,,0.6,,97.0,,0.0,,8.0,,4.0,,0.0,,98.71,,,,,,Fog
247,-111.12,58.77,FORT CHIPEWYAN,3072655,2024-09-11 07:00,2024,9,11,07:00,4.6,,4.5,,99.0,,0.0,,4.0,,5.0,,0.6,,98.73,,,,,,Fog
248,-111.12,58.77,FORT CHIPEWYAN,3072655,2024-09-11 08:00,2024,9,11,08:00,8.4,,8.1,,98.0,,0.0,,,,0.0,,16.1,,98.75,,,,,,
249,-111.12,58.77,FORT CHIPEWYAN,3072655,2024-09-11 09:00,2024,9,11,09:00,11.6,,8.5,,81.0,,0.0,,,,0.0,,16.1,,98.78,,,,,,
250,-111.12,58.77,FORT CHIPEWYAN,3072655,2024-09-11 10:00,2024,9,11,10:00,13.4,,6.8,,64.0,,0.0,,22.0,,8.0,,16.1,,98.78,,,,,,
251,-111.12,58.77,FORT CHIPEWYAN,3072655,2024-09-11 11:00,2024,9,11,11:00,14.4,,5.8,,56.0,,0.0,,20.0,,5.0,,16.1,,98.77,,,,,,
252,-111.12,58.77,FORT CHIPEWYAN,3072655,2024-09-11 12:00,2024,9,11,12:00,14.9,,6.5,,57.0,,0.0,,25.0,,9.0,,16.1,,98.74,,,,,,
253,-111.12,58.77,FORT CHIPEWYAN,3072655,2024-09-11 13:00,2024,9,11,13:00,16.0,,6.2,,52.0,,0.0,,,M,9.0,,16.1,,98.72,,,,,,
254,-111.12,58.77,FORT CHIPEWYAN,3072655,2024-09-11 14:00,2024,9,11,14:00,16.0,,6.8,,54.0,,0.0,,12.0,,11.0,,16.1,,98.67,,,,,,
255,-111.12,58.77,FORT CHIPEWYAN,3072655,2024-09-11 15:00,2024,9,11,15:00,16.4,,7.0,,53.0,,0.0,,15.0,,8.0,,16.1,,98.64,,,,,,
256,-111.12,58.77,FORT CHIPEWYAN,3072655,2024-09-11 16:00,2024,9,11,16:00,15.9,,7.5,,57.0,,0.0,,11.0,,11.0,,16.1,,98.62,,,,,,
257,-111.12,58.77,FORT CHIPEWYAN,3072655,2024-09-11 17:00,2024,9,11,17:00,16.0,,5.3,,49.0,,0.0,,13.0,,11.0,,16.1,,98.6,,,,,,
258,-111.12,58.77,FORT CHIPEWYAN,3072655,2024-09-11 18:00,2024,9,11,18:00,14.9,,6.1,,55.0,,0.0,,10.0,,9.0,,16.1,,98.57,,,,,,
259,-111.12,58.77,FORT CHIPEWYAN,3072655,2024-09-11 19:00,2024,9,11,19:00,12.7,,6.8,,67.0,,0.0,,8.0,,13.0,,16.1,,98.55,,,,,,
260,-111.12,58.77,FORT CHIPEWYAN,3072655,2024-09-11 20:00,2024,9,11,20:00,11.4,,7.2,,75.0,,0.0,,8.0,,13.0,,16.1,,98.57,,,,,,
261,-111.12,58.77,FORT CHIPEWYAN,3072655,2024-09-11 21:00,2024,9,11,21:00,13.6,,8.1,,69.0,,0.0,,10.0,,17.0,,16.1,,98.56,,,,,,
262,-111.12,58.77,FORT CHIPEWYAN,3072655,2024-09-11 22:00,2024,9,11,22:00,13.4,,8.7,,73.0,,0.0,,11.0,,17.0,,16.1,,98.55,,,,,,
263,-111.12,58.77,FORT CHIPEWYAN,3072655,2024-09-11 23:00,2024,9,11,23:00,13.4,,7.8,,69.0,,0.0,,11.0,,15.0,,16.1,,98.52,,,,,,
264,-111.12,58.77,FORT CHIPEWYAN,3072655,2024-09-12 00:00,2024,9,12,00:00,13.1,,8.0,,71.0,,0.0,,11.0,,15.0,,16.1,,98.48,,,,,,
265,-111.12,58.77,FORT CHIPEWYAN,3072655,2024-09-12 01:00,2024,9,12,01:00,12.9,,7.2,,68.0,,0.0,,14.0,,8.0,,16.1,,98.48,,,,,,
266,-111.12,58.77,FORT CHIPEWYAN,3072655,2024-09-12 02:00,2024,9,12,02:00,11.6,,7.4,,75.0,,0.0,,10.0,,5.0,,16.1,,98.45,,,,,,
267,-111.12,58.77,FORT CHIPEWYAN,3072655,2024-09-12 03:00,2024,9,12,03:00,11.8,,6.8,,71.0,,0.0,,13.0,,8.0,,16.1,,98.43,,,,,,
268,-111.12,58.77,FORT CHIPEWYAN,3072655,2024-09-12 04:00,2024,9,12,04:00,11.5,,7.6,,77.0,,0.0,,,M,4.0,,16.1,,98.43,,,,,,
269,-111.12,58.77,FORT CHIPEWYAN,3072655,2024-09-12 05:00,2024,9,12,05:00,12.6,,6.9,,68.0,,0.0,,10.0,,8.0,,16.1,,98.42,,,,,,
270,-111.12,58.77,FORT CHIPEWYAN,3072655,2024-09-12 06:00,2024,9,12,06:00,12.5,,6.4,,66.0,,0.0,,12.0,,5.0,,12.9,,98.43,,,,,,
271,-111.12,58.77,FORT CHIPEWYAN,3072655,2024-09-12 07:00,2024,9,12,07:00,12.0,,6.8,,70.0,,0.0,,,M,9.0,,11.3,,98.43,,,,,,
272,-111.12,58.77,FORT CHIPEWYAN,3072655,2024-09-12 08:00,2024,9,12,08:00,12.4,,7.3,,71.0,,0.0,,17.0,,13.0,,11.3,,98.46,,,,,,
273,-111.12,58.77,FORT CHIPEWYAN,3072655,2024-09-12 09:00,2024,9,12,09:00,13.9,,8.6,,70.0,,0.0,,19.0,,17.0,,11.3,,98.51,,,,,,
274,-111.12,58.77,FORT CHIPEWYAN,3072655,2024-09-12 10:00,2024,9,12,10:00,14.7,,9.1,,69.0,,0.0,,20.0,,17.0,,14.5,,98.51,,,,,,
275,-111.12,58.77,FORT CHIPEWYAN,3072655,2024-09-12 11:00,2024,9,12,11:00,15.7,,9.2,,65.0,,0.0,,20.0,,5.0,,14.5,,98.48,,,,,,
276,-111.12,58.77,FORT CHIPEWYAN,3072655,2024-09-12 12:00,2024,9,12,12:00,15.6,,8.8,,64.0,,0.0,,16.0,,9.0,,14.5,,98.45,,,,,,
277,-111.12,58.77,FORT CHIPEWYAN,3072655,2024-09-12 13:00,2024,9,12,13:00,15.3,,8.3,,63.0,,0.0,,13.0,,9.0,,6.4,,98.41,,,,,,Haze
278,-111.12,58.77,FORT CHIPEWYAN,3072655,2024-09-12 14:00,2024,9,12,14:00,15.6,,8.6,,63.0,,0.0,,13.0,,13.0,,4.8,,98.37,,,,,,Haze
279,-111.12,58.77,FORT CHIPEWYAN,3072655,2024-09-12 15:00,2024,9,12,15:00,15.3,,8.8,,65.0,,0.0,,11.0,,17.0,,2.4,,98.34,,,,,,Haze
280,-111.12,58.77,FORT CHIPEWYAN,3072655,2024-09-12 16:00,2024,9,12,16:00,15.0,,9.2,,68.0,,0.0,,11.0,,13.0,,2.4,,98.31,,,,,,Haze
281,-111.12,58.77,FORT CHIPEWYAN,3072655,2024-09-12 17:00,2024,9,12,17:00,15.4,,8.9,,65.0,,0.0,,14.0,,11.0,,4.0,,98.32,,,,,,Haze
282,-111.12,58.77,FORT CHIPEWYAN,3072655,2024-09-12 18:00,2024,9,12,18:00,14.2,,8.6,,69.0,,0.0,,13.0,,8.0,,6.4,,98.34,,,,,,Haze
283,-111.12,58.77,FORT CHIPEWYAN,3072655,2024-09-12 19:00,2024,9,12,19:00,11.9,,8.1,,78.0,,0.0,,13.0,,8.0,,4.8,,98.33,,,,,,Haze
284,-111.12,58.77,FORT CHIPEWYAN,3072655,2024-09-12 20:00,2024,9,12,20:00,9.1,,7.2,,88.0,,0.0,,14.0,,8.0,,6.4,,98.32,,,,,,Fog
285,-111.12,58.77,FORT CHIPEWYAN,3072655,2024-09-12 21:00,2024,9,12,21:00,7.8,,6.9,,94.0,,0.0,,13.0,,8.0,,6.4,,98.28,,,,,,Fog
286,-111.12,58.77,FORT CHIPEWYAN,3072655,2024-09-12 22:00,2024,9,12,22:00,7.2,,6.8,,97.0,,0.0,,11.0,,5.0,,4.0,,98.27,,,,,,Fog
287,-111.12,58.77,FORT CHIPEWYAN,3072655,2024-09-12 23:00,2024,9,12,23:00,7.8,,7.3,,97.0,,0.0,,6.0,,5.0,,4.0,,98.26,,,,,,Fog
288,-111.12,58.77,FORT CHIPEWYAN,3072655,2024-09-13 00:00,2024,9,13,00:00,7.7,,7.3,,97.0,,0.0,,10.0,,4.0,,3.2,,98.25,,,,,,Fog
289,-111.12,58.77,FORT CHIPEWYAN,3072655,2024-09-13 01:00,2024,9,13,01:00,5.4,,5.0,,97.0,,0.0,,7.0,,5.0,,1.6,,98.21,,,,,,Fog
290,-111.12,58.77,FORT CHIPEWYAN,3072655,2024-09-13 02:00,2024,9,13,02:00,3.8,,3.5,,98.0,,0.0,,9.0,,4.0,,0.2,,98.2,,,,,,Fog
291,-111.12,58.77,FORT CHIPEWYAN,3072655,2024-09-13 03:00,2024,9,13,03:00,5.8,,5.5,,98.0,,0.0,,5.0,,9.0,,0.4,,98.19,,,,,,Fog
292,-111.12,58.77,FORT CHIPEWYAN,3072655,2024-09-13 04:00,2024,9,13,04:00,3.5,,3.3,,99.0,,0.0,,,,0.0,,1.0,,98.16,,,,,,Fog
293,-111.12,58.77,FORT CHIPEWYAN,3072655,2024-09-13 05:00,2024,9,13,05:00,4.0,,3.8,,99.0,,0.0,,10.0,,4.0,,0.2,,98.13,,,,,,Fog
294,-111.12,58.77,FORT CHIPEWYAN,3072655,2024-09-13 06:00,2024,9,13,06:00,3.2,,3.1,,99.0,,0.0,,,,0.0,,0.2,,98.13,,,,,,Fog
295,-111.12,58.77,FORT CHIPEWYAN,3072655,2024-09-13 07:00,2024,9,13,07:00,6.1,,6.0,,99.0,,0.0,,,M,4.0,,2.0,,98.15,,,,,,Fog
296,-111.12,58.77,FORT CHIPEWYAN,3072655,2024-09-13 08:00,2024,9,13,08:00,11.6,,11.3,,98.0,,0.0,,9.0,,9.0,,4.8,,98.1,,,,,,Fog
297,-111.12,58.77,FORT CHIPEWYAN,3072655,2024-09-13 09:00,2024,9,13,09:00,12.7,,10.8,,88.0,,0.0,,8.0,,13.0,,4.8,,98.08,,,,,,Fog
298,-111.12,58.77,FORT CHIPEWYAN,3072655,2024-09-13 10:00,2024,9,13,10:00,13.4,,10.2,,81.0,,0.0,,8.0,,17.0,,4.8,,98.03,,,,,,Haze
299,-111.12,58.77,FORT CHIPEWYAN,3072655,2024-09-13 11:00,2024,9,13,11:00,15.3,,11.0,,75.0,,0.0,,4.0,,11.0,,4.8,,97.98,,,,,,Haze
300,-111.12,58.77,FORT CHIPEWYAN,3072655,2024-09-13 12:00,2024,9,13,12:00,16.6,,9.8,,64.0,,0.0,,9.0,,15.0,,0.6,,97.93,,,,,,Haze
301,-111.12,58.77,FORT CHIPEWYAN,3072655,2024-09-13 13:00,2024,9,13,13:00,16.3,,10.0,,66.0,,0.0,,7.0,,13.0,,0.8,,97.88,,,,,,Haze
302,-111.12,58.77,FORT CHIPEWYAN,3072655,2024-09-13 14:00,2024,9,13,14:00,15.2,,9.5,,69.0,,0.0,,6.0,,24.0,,1.0,,97.84,,,,,,Haze
303,-111.12,58.77,FORT CHIPEWYAN,3072655,2024-09-13 15:00,2024,9,13,15:00,16.0,,9.3,,64.0,,0.0,,6.0,,22.0,,1.2,,97.78,,,,,,Haze
304,-111.12,58.77,FORT CHIPEWYAN,3072655,2024-09-13 16:00,2024,9,13,16:00,15.6,,10.0,,69.0,,0.0,,6.0,,24.0,,0.8,,97.75,,,,,,Haze
305,-111.12,58.77,FORT CHIPEWYAN,3072655,2024-09-13 17:00,2024,9,13,17:00,14.9,,9.8,,71.0,,0.0,,6.0,,11.0,,1.2,,97.72,,,,,,Haze
306,-111.12,58.77,FORT CHIPEWYAN,3072655,2024-09-13 18:00,2024,9,13,18:00,14.4,,9.5,,72.0,,0.0,,7.0,,9.0,,0.8,,97.67,,,,,,Haze
307,-111.12,58.77,FORT CHIPEWYAN,3072655,2024-09-13 19:00,2024,9,13,19:00,13.9,,10.0,,77.0,,0.0,,8.0,,8.0,,0.8,,97.65,,,,,,Haze
308,-111.12,58.77,FORT CHIPEWYAN,3072655,2024-09-13 20:00,2024,9,13,20:00,13.8,,9.7,,76.0,,0.0,,3.0,,9.0,,16.1,,97.6,,,,,,
309,-111.12,58.77,FORT CHIPEWYAN,3072655,2024-09-13 21:00,2024,9,13,21:00,13.8,,9.6,,76.0,,0.0,,33.0,,5.0,,16.1,,97.53,,,,,,
310,-111.12,58.77,FORT CHIPEWYAN,3072655,2024-09-13 22:00,2024,9,13,22:00,13.4,,9.5,,77.0,,0.0,,1.0,,4.0,,16.1,,97.46,,,,,,
311,-111.12,58.77,FORT CHIPEWYAN,3072655,2024-09-13 23:00,2024,9,13,23:00,12.5,,9.7,,83.0,,0.0,,,M,4.0,,16.1,,97.44,,,,,,
312,-111.12,58.77,FORT CHIPEWYAN,3072655,2024-09-14 00:00,2024,9,14,00:00,13.0,,10.0,,82.0,,0.0,,2.0,,5.0,,16.1,,97.42,,,,,,
313,-111.12,58.77,FORT CHIPEWYAN,3072655,2024-09-14 01:00,2024,9,14,01:00,12.8,,9.8,,82.0,,0.0,,36.0,,8.0,,16.1,,97.38,,,,,,
314,-111.12,58.77,FORT CHIPEWYAN,3072655,2024-09-14 02:00,2024,9,14,02:00,12.3,,9.9,,85.0,,0.0,,31.0,,8.0,,16.1,,97.36,,,,,,
315,-111.12,58.77,FORT CHIPEWYAN,3072655,2024-09-14 03:00,2024,9,14,03:00,11.5,,9.9,,90.0,,0.0,,30.0,,8.0,,16.1,,97.31,,,,,,Rain
316,-111.12,58.77,FORT CHIPEWYAN,3072655,2024-09-14 04:00,2024,9,14,04:00,11.3,,9.6,,89.0,,0.0,,34.0,,8.0,,16.1,,97.28,,,,,,
317,-111.12,58.77,FORT CHIPEWYAN,3072655,2024-09-14 05:00,2024,9,14,05:00,10.6,,9.4,,92.0,,0.0,,31.0,,8.0,,16.1,,97.3,,,,,,Rain
318,-111.12,58.77,FORT CHIPEWYAN,3072655,2024-09-14 06:00,2024,9,14,06:00,9.9,,9.0,,94.0,,0.0,,31.0,,8.0,,16.1,,97.31,,,,,,Rain
319,-111.12,58.77,FORT CHIPEWYAN,3072655,2024-09-14 07:00,2024,9,14,07:00,9.8,,8.9,,94.0,,0.0,,32.0,,9.0,,16.1,,97.32,,,,,,Rain
320,-111.12,58.77,FORT CHIPEWYAN,3072655,2024-09-14 08:00,2024,9,14,08:00,10.1,,9.5,,96.0,,0.0,,29.0,,9.0,,16.1,,97.32,,,,,,Rain
321,-111.12,58.77,FORT CHIPEWYAN,3072655,2024-09-14 09:00,2024,9,14,09:00,10.8,,10.2,,96.0,,0.0,,29.0,,13.0,,16.1,,97.32,,,,,,Rain
322,-111.12,58.77,FORT CHIPEWYAN,3072655,2024-09-14 10:00,2024,9,14,10:00,11.3,,10.7,,96.0,,0.0,,28.0,,11.0,,16.1,,97.34,,,,,,
323,-111.12,58.77,FORT CHIPEWYAN,3072655,2024-09-14 11:00,2024,9,14,11:00,11.8,,10.8,,93.0,,0.0,,30.0,,15.0,,16.1,,97.36,,,,,,
324,-111.12,58.77,FORT CHIPEWYAN,3072655,2024-09-14 12:00,2024,9,14,12:00,12.6,,10.8,,88.0,,0.0,,28.0,,11.0,,16.1,,97.4,,,,,,
325,-111.12,58.77,FORT CHIPEWYAN,3072655,2024-09-14 13:00,2024,9,14,13:00,13.6,,11.0,,84.0,,0.0,,32.0,,17.0,,16.1,,97.45,,,,,,
326,-111.12,58.77,FORT CHIPEWYAN,3072655,2024-09-14 14:00,2024,9,14,14:00,13.5,,10.0,,79.0,,0.0,,34.0,,17.0,,16.1,,97.48,,,,,,
327,-111.12,58.77,FORT CHIPEWYAN,3072655,2024-09-14 15:00,2024,9,14,15:00,13.5,,9.6,,77.0,,0.0,,33.0,,11.0,,16.1,,97.52,,,,,,
328,-111.12,58.77,FORT CHIPEWYAN,3072655,2024-09-14 16:00,2024,9,14,16:00,13.9,,9.8,,76.0,,0.0,,35.0,,11.0,,16.1,,97.54,,,,,,
329,-111.12,58.77,FORT CHIPEWYAN,3072655,2024-09-14 17:00,2024,9,14,17:00,13.7,,9.6,,76.0,,0.0,,35.0,,13.0,,16.1,,97.57,,,,,,
330,-111.12,58.77,FORT CHIPEWYAN,3072655,2024-09-14 18:00,2024,9,14,18:00,12.9,,9.4,,79.0,,0.0,,31.0,,8.0,,16.1,,97.61,,,,,,
331,-111.12,58.77,FORT CHIPEWYAN,3072655,2024-09-14 19:00,2024,9,14,19:00,10.1,,8.0,,87.0,,0.0,,26.0,,5.0,,16.1,,97.63,,,,,,
332,-111.12,58.77,FORT CHIPEWYAN,3072655,2024-09-14 20:00,2024,9,14,20:00,8.8,,7.6,,92.0,,0.0,,31.0,,4.0,,16.1,,97.68,,,,,,
333,-111.12,58.77,FORT CHIPEWYAN,3072655,2024-09-14 21:00,2024,9,14,21:00,9.9,,8.1,,88.0,,0.0,,32.0,,5.0,,16.1,,97.68,,,,,,
334,-111.12,58.77,FORT CHIPEWYAN,3072655,2024-09-14 22:00,2024,9,14,22:00,6.4,,6.0,,97.0,,0.0,,27.0,,8.0,,16.1,,97.72,,,,,,
335,-111.12,58.77,FORT CHIPEWYAN,3072655,2024-09-14 23:00,2024,9,14,23:00,5.4,,5.0,,97.0,,0.0,,26.0,,4.0,,16.1,,97.75,,,,,,
336,-111.12,58.77,FORT CHIPEWYAN,3072655,2024-09-15 00:00,2024,9,15,00:00,8.6,,8.2,,97.0,,0.0,,,M,4.0,,16.1,,97.79,,,,,,
337,-111.12,58.77,FORT CHIPEWYAN,3072655,2024-09-15 01:00,2024,9,15,01:00,10.0,,8.5,,90.0,,0.0,,31.0,,8.0,,16.1,,97.8,,,,,,
338,-111.12,58.77,FORT CHIPEWYAN,3072655,2024-09-15 02:00,2024,9,15,02:00,10.2,,8.5,,89.0,,0.0,,30.0,,11.0,,16.1,,97.85,,,,,,
339,-111.12,58.77,FORT CHIPEWYAN,3072655,2024-09-15 03:00,2024,9,15,03:00,10.2,,8.0,,86.0,,0.0,,30.0,,11.0,,16.1,,97.88,,,,,,
340,-111.12,58.77,FORT CHIPEWYAN,3072655,2024-09-15 04:00,2024,9,15,04:00,10.0,,8.0,,87.0,,0.0,,32.0,,8.0,,16.1,,97.92,,,,,,
341,-111.12,58.77,FORT CHIPEWYAN,3072655,2024-09-15 05:00,2024,9,15,05:00,9.7,,8.3,,91.0,,0.0,,29.0,,8.0,,16.1,,97.95,,,,,,
342,-111.12,58.77,FORT CHIPEWYAN,3072655,2024-09-15 06:00,2024,9,15,06:00,9.7,,8.2,,90.0,,0.0,,31.0,,11.0,,16.1,,98.0,,,,,,
343,-111.12,58.77,FORT CHIPEWYAN,3072655,2024-09-15 07:00,2024,9,15,07:00,9.5,,8.4,,93.0,,0.0,,30.0,,9.0,,11.3,,98.05,,,,,,
344,-111.12,58.77,FORT CHIPEWYAN,3072655,2024-09-15 08:00,2024,9,15,08:00,9.6,,7.7,,88.0,,0.0,,30.0,,11.0,,16.1,,98.08,,,,,,
345,-111.12,58.77,FORT CHIPEWYAN,3072655,2024-09-15 09:00,2024,9,15,09:00,10.3,,7.5,,83.0,,0.0,,32.0,,15.0,,16.1,,98.11,,,,,,
346,-111.12,58.77,FORT CHIPEWYAN,3072655,2024-09-15 10:00,2024,9,15,10:00,10.1,,8.6,,90.0,,0.0,,34.0,,11.0,,9.7,,98.14,,,,,,Fog
347,-111.12,58.77,FORT CHIPEWYAN,3072655,2024-09-15 11:00,2024,9,15,11:00,11.3,,7.3,,76.0,,0.0,,31.0,,13.0,,16.1,,98.15,,,,,,
348,-111.12,58.77,FORT CHIPEWYAN,3072655,2024-09-15 12:00,2024,9,15,12:00,11.9,,7.9,,77.0,,0.0,,33.0,,11.0,,16.1,,98.18,,,,,,Rain
349,-111.12,58.77,FORT CHIPEWYAN,3072655,2024-09-15 13:00,2024,9,15,13:00,12.1,,8.3,,77.0,,0.0,,29.0,,13.0,,14.5,,98.21,,,,,,Rain
350,-111.12,58.77,FORT CHIPEWYAN,3072655,2024-09-15 14:00,2024,9,15,14:00,12.6,,8.6,,76.0,,0.0,,34.0,,18.0,,16.1,,98.22,,,,,,
351,-111.12,58.77,FORT CHIPEWYAN,3072655,2024-09-15 15:00,2024,9,15,15:00,12.9,,8.4,,74.0,,0.0,,30.0,,8.0,,16.1,,98.23,,,,,,
352,-111.12,58.77,FORT CHIPEWYAN,3072655,2024-09-15 16:00,2024,9,15,16:00,12.1,,9.2,,82.0,,0.0,,15.0,,5.0,,16.1,,98.22,,,,,,
353,-111.12,58.77,FORT CHIPEWYAN,3072655,2024-09-15 17:00,2024,9,15,17:00,12.1,,9.3,,83.0,,0.0,,17.0,,5.0,,16.1,,98.19,,,,,,
354,-111.12,58.77,FORT CHIPEWYAN,3072655,2024-09-15 18:00,2024,9,15,18:00,11.4,,9.2,,86.0,,0.0,,,,0.0,,16.1,,98.19,,,,,,
355,-111.12,58.77,FORT CHIPEWYAN,3072655,2024-09-15 19:00,2024,9,15,19:00,8.2,,7.1,,93.0,,0.0,,12.0,,4.0,,16.1,,98.17,,,,,,
356,-111.12,58.77,FORT CHIPEWYAN,3072655,2024-09-15 20:00,2024,9,15,20:00,6.3,,5.6,,95.0,,0.0,,8.0,,4.0,,16.1,,98.16,,,,,,
357,-111.12,58.77,FORT CHIPEWYAN,3072655,2024-09-15 21:00,2024,9,15,21:00,5.5,,5.1,,97.0,,0.0,,,M,4.0,,16.1,,98.14,,,,,,
358,-111.12,58.77,FORT CHIPEWYAN,3072655,2024-09-15 22:00,2024,9,15,22:00,5.3,,5.0,,98.0,,0.0,,4.0,,4.0,,16.1,,98.12,,,,,,
359,-111.12,58.77,FORT CHIPEWYAN,3072655,2024-09-15 23:00,2024,9,15,23:00,4.8,,4.5,,98.0,,0.0,,14.0,,5.0,,16.1,,98.07,,,,,,
360,-111.12,58.77,FORT CHIPEWYAN,3072655,2024-09-16 00:00,2024,9,16,00:00,7.4,,6.5,,94.0,,0.0,,13.0,,8.0,,16.1,,98.0,,,,,,
361,-111.12,58.77,FORT CHIPEWYAN,3072655,2024-09-16 01:00,2024,9,16,01:00,8.0,,6.8,,92.0,,0.0,,13.0,,9.0,,16.1,,97.94,,,,,,
362,-111.12,58.77,FORT CHIPEWYAN,3072655,2024-09-16 02:00,2024,9,16,02:00,8.6,,7.1,,90.0,,0.0,,14.0,,9.0,,16.1,,97.87,,,,,,
363,-111.12,58.77,FORT CHIPEWYAN,3072655,2024-09-16 03:00,2024,9,16,03:00,8.0,,6.5,,90.0,,0.0,,,M,4.0,,16.1,,97.81,,,,,,
364,-111.12,58.77,FORT CHIPEWYAN,3072655,2024-09-16 04:00,2024,9,16,04:00,8.2,,6.8,,91.0,,0.0,,11.0,,5.0,,16.1,,97.74,,,,,,
365,-111.12,58.77,FORT CHIPEWYAN,3072655,2024-09-16 05:00,2024,9,16,05:00,7.5,,6.4,,93.0,,0.0,,12.0,,5.0,,16.1,,97.69,,,,,,
366,-111.12,58.77,FORT CHIPEWYAN,3072655,2024-09-16 06:00,2024,9,16,06:00,8.1,,6.9,,92.0,,0.0,,8.0,,8.0,,16.1,,97.62,,,,,,
367,-111.12,58.77,FORT CHIPEWYAN,3072655,2024-09-16 07:00,2024,9,16,07:00,9.3,,7.8,,90.0,,0.0,,20.0,,9.0,,16.1,,97.6,,,,,,
368,-111.12,58.77,FORT CHIPEWYAN,3072655,2024-09-16 08:00,2024,9,16,08:00,10.6,,7.9,,83.0,,0.0,,,M,8.0,,16.1,,97.57,,,,,,
369,-111.12,58.77,FORT CHIPEWYAN,3072655,2024-09-16 09:00,2024,9,16,09:00,11.9,,8.4,,79.0,,0.0,,19.0,,8.0,,16.1,,97.56,,,,,,
370,-111.12,58.77,FORT CHIPEWYAN,3072655,2024-09-16 10:00,2024,9,16,10:00,12.9,,9.0,,77.0,,0.0,,20.0,,5.0,,16.1,,97.57,,,,,,
371,-111.12,58.77,FORT CHIPEWYAN,3072655,2024-09-16 11:00,2024,9,16,11:00,14.9,,8.5,,65.0,,0.0,,23.0,,11.0,,16.1,,97.54,,,,,,
372,-111.12,58.77,FORT CHIPEWYAN,3072655,2024-09-16 12:00,2024,9,16,12:00,17.0,,7.3,,53.0,,0.0,,26.0,,26.0,,16.1,,97.5,,,,,,
373,-111.12,58.77,FORT CHIPEWYAN,3072655,2024-09-16 13:00,2024,9,16,13:00,17.4,,7.3,,51.0,,0.0,,23.0,,21.0,,16.1,,97.51,,,,,,
374,-111.12,58.77,FORT CHIPEWYAN,3072655,2024-09-16 14:00,2024,9,16,14:00,18.6,,7.9,,50.0,,0.0,,27.0,,24.0,,16.1,,97.52,,,,,,
375,-111.12,58.77,FORT CHIPEWYAN,3072655,2024-09-16 15:00,2024,9,16,15:00,18.7,,8.2,,50.0,,0.0,,25.0,,18.0,,16.1,,97.52,,,,,,
376,-111.12,58.77,FORT CHIPEWYAN,3072655,2024-09-16 16:00,2024,9,16,16:00,17.5,,8.5,,55.0,,0.0,,23.0,,11.0,,16.1,,97.54,,,,,,
377,-111.12,58.77,FORT CHIPEWYAN,3072655,2024-09-16 17:00,2024,9,16,17:00,17.9,,8.3,,53.0,,0.0,,23.0,,17.0,,16.1,,97.56,,,,,,
378,-111.12,58.77,FORT CHIPEWYAN,3072655,2024-09-16 18:00,2024,9,16,18:00,16.5,,8.2,,58.0,,0.0,,24.0,,9.0,,16.1,,97.58,,,,,,
379,-111.12,58.77,FORT CHIPEWYAN,3072655,2024-09-16 19:00,2024,9,16,19:00,12.3,,7.7,,74.0,,0.0,,,,0.0,,16.1,,97.61,,,,,,
380,-111.12,58.77,FORT CHIPEWYAN,3072655,2024-09-16 20:00,2024,9,16,20:00,12.0,,7.6,,75.0,,0.0,,,,0.0,,16.1,,97.65,,,,,,
381,-111.12,58.77,FORT CHIPEWYAN,3072655,2024-09-16 21:00,2024,9,16,21:00,13.4,,7.7,,68.0,,0.0,,24.0,,8.0,,16.1,,97.68,,,,,,
382,-111.12,58.77,FORT CHIPEWYAN,3072655,2024-09-16 22:00,2024,9,16,22:00,13.4,,8.3,,71.0,,0.0,,28.0,,5.0,,16.1,,97.71,,,,,,
383,-111.12,58.77,FORT CHIPEWYAN,3072655,2024-09-16 23:00,2024,9,16,23:00,12.6,,8.1,,74.0,,0.0,,26.0,,4.0,,16.1,,97.72,,,,,,
384,-111.12,58.77,FORT CHIPEWYAN,3072655,2024-09-17 00:00,2024,9,17,00:00,12.7,,8.2,,74.0,,0.0,,23.0,,5.0,,16.1,,97.73,,,,,,
385,-111.12,58.77,FORT CHIPEWYAN,3072655,2024-09-17 01:00,2024,9,17,01:00,10.4,,7.7,,83.0,,0.0,,,,0.0,,16.1,,97.73,,,,,,
386,-111.12,58.77,FORT CHIPEWYAN,3072655,2024-09-17 02:00,2024,9,17,02:00,10.1,,7.5,,84.0,,0.0,,,M,4.0,,16.1,,97.74,,,,,,
387,-111.12,58.77,FORT CHIPEWYAN,3072655,2024-09-17 03:00,2024,9,17,03:00,7.2,,6.2,,94.0,,0.0,,11.0,,4.0,,16.1,,97.77,,,,,,
388,-111.12,58.77,FORT CHIPEWYAN,3072655,2024-09-17 04:00,2024,9,17,04:00,5.7,,4.9,,95.0,,0.0,,7.0,,4.0,,16.1,,97.79,,,,,,
389,-111.12,58.77,FORT CHIPEWYAN,3072655,2024-09-17 05:00,2024,9,17,05:00,5.6,,4.9,,95.0,,0.0,,5.0,,5.0,,16.1,,97.81,,,,,,
390,-111.12,58.77,FORT CHIPEWYAN,3072655,2024-09-17 06:00,2024,9,17,06:00,5.8,,5.2,,96.0,,0.0,,,,0.0,,16.1,,97.84,,,,,,
391,-111.12,58.77,FORT CHIPEWYAN,3072655,2024-09-17 07:00,2024,9,17,07:00,7.4,,6.7,,95.0,,0.0,,6.0,,4.0,,16.1,,97.88,,,,,,
392,-111.12,58.77,FORT CHIPEWYAN,3072655,2024-09-17 08:00,2024,9,17,08:00,11.2,,8.0,,80.0,,0.0,,,,0.0,,16.1,,97.88,,,,,,
393,-111.12,58.77,FORT CHIPEWYAN,3072655,2024-09-17 09:00,2024,9,17,09:00,12.2,,9.2,,82.0,,0.0,,26.0,,5.0,,16.1,,97.89,,,,,,
394,-111.12,58.77,FORT CHIPEWYAN,3072655,2024-09-17 10:00,2024,9,17,10:00,13.1,,8.8,,75.0,,0.0,,24.0,,4.0,,16.1,,97.94,,,,,,
395,-111.12,58.77,FORT CHIPEWYAN,3072655,2024-09-17 11:00,2024,9,17,11:00,14.9,,9.5,,70.0,,0.0,,26.0,,5.0,,16.1,,97.96,,,,,,
396,-111.12,58.77,FORT CHIPEWYAN,3072655,2024-09-17 12:00,2024,9,17,12:00,17.0,,9.3,,60.0,,0.0,,25.0,,8.0,,16.1,,97.97,,,,,,
397,-111.12,58.77,FORT CHIPEWYAN,3072655,2024-09-17 13:00,2024,9,17,13:00,18.1,,9.6,,57.0,,0.0,,,M,4.0,,16.1,,97.97,,,,,,
398,-111.12,58.77,FORT CHIPEWYAN,3072655,2024-09-17 14:00,2024,9,17,14:00,18.9,,9.4,,54.0,,0.0,,,M,8.0,,16.1,,97.96,,,,,,
399,-111.12,58.77,FORT CHIPEWYAN,3072655,2024-09-17 15:00,2024,9,17,15:00,18.7,,9.4,,54.0,,0.0,,21.0,,5.0,,16.1,,97.95,,,,,,
400,-111.12,58.77,FORT CHIPEWYAN,3072655,2024-09-17 16:00,2024,9,17,16:00,19.3,,8.6,,50.0,,0.0,,6.0,,9.0,,16.1,,97.9,,,,,,
401,-111.12,58.77,FORT CHIPEWYAN,3072655,2024-09-17 17:00,2024,9,17,17:00,18.1,,9.5,,57.0,,0.0,,11.0,,9.0,,9.7,,97.91,,,,,,Haze
402,-111.12,58.77,FORT CHIPEWYAN,3072655,2024-09-17 18:00,2024,9,17,18:00,15.9,,9.9,,67.0,,0.0,,11.0,,5.0,,12.9,,97.92,,,,,,
403,-111.12,58.77,FORT CHIPEWYAN,3072655,2024-09-17 19:00,2024,9,17,19:00,13.5,,10.0,,79.0,,0.0,,9.0,,8.0,,16.1,,97.91,,,,,,
404,-111.12,58.77,FORT CHIPEWYAN,3072655,2024-09-17 20:00,2024,9,17,20:00,13.5,,8.7,,73.0,,0.0,,8.0,,11.0,,16.1,,97.89,,,,,,
405,-111.12,58.77,FORT CHIPEWYAN,3072655,2024-09-17 21:00,2024,9,17,21:00,14.6,,10.3,,75.0,,0.0,,10.0,,13.0,,16.1,,97.83,,,,,,
406,-111.12,58.77,FORT CHIPEWYAN,3072655,2024-09-17 22:00,2024,9,17,22:00,14.5,,10.2,,75.0,,0.0,,11.0,,11.0,,14.5,,97.78,,,,,,
407,-111.12,58.77,FORT CHIPEWYAN,3072655,2024-09-17 23:00,2024,9,17,23:00,14.7,,9.6,,71.0,,0.0,,12.0,,11.0,,11.3,,97.72,,,,,,
408,-111.12,58.77,FORT CHIPEWYAN,3072655,2024-09-18 00:00,2024,9,18,00:00,13.3,,9.2,,76.0,,0.0,,12.0,,9.0,,9.7,,97.67,,,,,,Haze
409,-111.12,58.77,FORT CHIPEWYAN,3072655,2024-09-18 01:00,2024,9,18,01:00,15.4,,8.2,,62.0,,0.0,,16.0,,13.0,,12.9,,97.61,,,,,,
410,-111.12,58.77,FORT CHIPEWYAN,3072655,2024-09-18 02:00,2024,9,18,02:00,14.6,,8.4,,66.0,,0.0,,18.0,,11.0,,16.1,,97.59,,,,,,
411,-111.12,58.77,FORT CHIPEWYAN,3072655,2024-09-18 03:00,2024,9,18,03:00,13.8,,8.9,,72.0,,0.0,,17.0,,11.0,,16.1,,97.52,,,,,,
412,-111.12,58.77,FORT CHIPEWYAN,3072655,2024-09-18 04:00,2024,9,18,04:00,13.9,,9.0,,72.0,,0.0,,19.0,,5.0,,16.1,,97.5,,,,,,
413,-111.12,58.77,FORT CHIPEWYAN,3072655,2024-09-18 05:00,2024,9,18,05:00,14.3,,9.0,,70.0,,0.0,,20.0,,5.0,,16.1,,97.48,,,,,,
414,-111.12,58.77,FORT CHIPEWYAN,3072655,2024-09-18 06:00,2024,9,18,06:00,13.6,,9.5,,76.0,,0.0,,,M,4.0,,16.1,,97.45,,,,,,
415,-111.12,58.77,FORT CHIPEWYAN,3072655,2024-09-18 07:00,2024,9,18,07:00,13.1,,10.1,,82.0,,0.0,,,M,5.0,,16.1,,97.49,,,,,,Rain
416,-111.12,58.77,FORT CHIPEWYAN,3072655,2024-09-18 08:00,2024,9,18,08:00,13.5,,11.7,,89.0,,0.2,,26.0,,18.0,,16.1,,97.54,,,,,,Rain
417,-111.12,58.77,FORT CHIPEWYAN,3072655,2024-09-18 09:00,2024,9,18,09:00,13.4,,12.3,,93.0,,0.8,,26.0,,28.0,,16.1,,97.58,,,,,,Rain
418,-111.12,58.77,FORT CHIPEWYAN,3072655,2024-09-18 10:00,2024,9,18,10:00,13.5,,11.6,,88.0,,0.0,,26.0,,26.0,,16.1,,97.62,,,,,,
419,-111.12,58.77,FORT CHIPEWYAN,3072655,2024-09-18 11:00,2024,9,18,11:00,14.5,,10.9,,79.0,,0.0,,26.0,,24.0,,16.1,,97.67,,,,,,
420,-111.12,58.77,FORT CHIPEWYAN,3072655,2024-09-18 12:00,2024,9,18,12:00,15.7,,10.3,,70.0,,0.0,,28.0,,22.0,,16.1,,97.68,,,,,,
421,-111.12,58.77,FORT CHIPEWYAN,3072655,2024-09-18 13:00,2024,9,18,13:00,14.0,,9.7,,75.0,,0.0,,32.0,,4.0,,16.1,,97.76,,,,,,
422,-111.12,58.77,FORT CHIPEWYAN,3072655,2024-09-18 14:00,2024,9,18,14:00,16.0,,9.9,,67.0,,0.0,,25.0,,11.0,,16.1,,97.78,,,,,,
423,-111.12,58.77,FORT CHIPEWYAN,3072655,2024-09-18 15:00,2024,9,18,15:00,16.4,,8.0,,57.0,,0.0,,25.0,,22.0,,16.1,,97.77,,,,,,
424,-111.12,58.77,FORT CHIPEWYAN,3072655,2024-09-18 16:00,2024,9,18,16:00,16.5,,7.6,,55.0,,0.0,,26.0,,21.0,,16.1,,97.8,,,,,,
425,-111.12,58.77,FORT CHIPEWYAN,3072655,2024-09-18 17:00,2024,9,18,17:00,15.9,,6.7,,54.0,,0.0,,25.0,,18.0,,16.1,,97.79,,,,,,
426,-111.12,58.77,FORT CHIPEWYAN,3072655,2024-09-18 18:00,2024,9,18,18:00,14.6,,7.0,,60.0,,0.0,,23.0,,5.0,,16.1,,97.81,,,,,,
427,-111.12,58.77,FORT CHIPEWYAN,3072655,2024-09-18 19:00,2024,9,18,19:00,8.8,,6.3,,84.0,,0.0,,,,0.0,,16.1,,97.83,,,,,,
428,-111.12,58.77,FORT CHIPEWYAN,3072655,2024-09-18 20:00,2024,9,18,20:00,7.8,,6.2,,90.0,,0.0,,,,0.0,,16.1,,97.86,,,,,,
429,-111.12,58.77,FORT CHIPEWYAN,3072655,2024-09-18 21:00,2024,9,18,21:00,6.3,,4.7,,90.0,,0.0,,,,0.0,,16.1,,97.86,,,,,,
430,-111.12,58.77,FORT CHIPEWYAN,3072655,2024-09-18 22:00,2024,9,18,22:00,5.7,,5.2,,97.0,,0.0,,,,0.0,,16.1,,97.81,,,,,,
431,-111.12,58.77,FORT CHIPEWYAN,3072655,2024-09-18 23:00,2024,9,18,23:00,8.0,,6.2,,89.0,,0.0,,,,0.0,,16.1,,97.8,,,,,,
432,-111.12,58.77,FORT CHIPEWYAN,3072655,2024-09-19 00:00,2024,9,19,00:00,6.2,,5.4,,94.0,,0.0,,28.0,,4.0,,16.1,,97.77,,,,,,
433,-111.12,58.77,FORT CHIPEWYAN,3072655,2024-09-19 01:00,2024,9,19,01:00,5.1,,4.5,,96.0,,0.0,,,,0.0,,16.1,,97.75,,,,,,
434,-111.12,58.77,FORT CHIPEWYAN,3072655,2024-09-19 02:00,2024,9,19,02:00,6.6,,5.4,,92.0,,0.0,,,M,4.0,,16.1,,97.78,,,,,,
435,-111.12,58.77,FORT CHIPEWYAN,3072655,2024-09-19 03:00,2024,9,19,03:00,4.4,,4.0,,97.0,,0.0,,,,0.0,,16.1,,97.78,,,,,,
436,-111.12,58.77,FORT CHIPEWYAN,3072655,2024-09-19 04:00,2024,9,19,04:00,3.4,,2.9,,96.0,,0.0,,,,0.0,,16.1,,97.78,,,,,,
437,-111.12,58.77,FORT CHIPEWYAN,3072655,2024-09-19 05:00,2024,9,19,05:00,2.8,,2.4,,97.0,,0.0,,5.0,,9.0,,16.1,,97.78,,,,,,
438,-111.12,58.77,FORT CHIPEWYAN,3072655,2024-09-19 06:00,2024,9,19,06:00,2.5,,2.1,,97.0,,0.0,,3.0,,4.0,,16.1,,97.76,,,,,,
439,-111.12,58.77,FORT CHIPEWYAN,3072655,2024-09-19 07:00,2024,9,19,07:00,3.2,,2.8,,97.0,,0.0,,7.0,,5.0,,16.1,,97.73,,,,,,
440,-111.12,58.77,FORT CHIPEWYAN,3072655,2024-09-19 08:00,2024,9,19,08:00,8.7,,6.9,,88.0,,0.0,,6.0,,5.0,,16.1,,97.7,,,,,,
441,-111.12,58.77,FORT CHIPEWYAN,3072655,2024-09-19 09:00,2024,9,19,09:00,11.9,,6.9,,71.0,,0.0,,26.0,,8.0,,16.1,,97.7,,,,,,
442,-111.12,58.77,FORT CHIPEWYAN,3072655,2024-09-19 10:00,2024,9,19,10:00,14.5,,6.0,,56.0,,0.0,,24.0,,5.0,,16.1,,97.69,,,,,,
443,-111.12,58.77,FORT CHIPEWYAN,3072655,2024-09-19 11:00,2024,9,19,11:00,16.4,,5.3,,48.0,,0.0,,25.0,,9.0,,16.1,,97.65,,,,,,
444,-111.12,58.77,FORT CHIPEWYAN,3072655,2024-09-19 12:00,2024,9,19,12:00,16.9,,5.4,,46.0,,0.0,,26.0,,9.0,,16.1,,97.62,,,,,,
445,-111.12,58.77,FORT CHIPEWYAN,3072655,2024-09-19 13:00,2024,9,19,13:00,17.6,,4.4,,41.0,,0.0,,26.0,,13.0,,16.1,,97.6,,,,,,
446,-111.12,58.77,FORT CHIPEWYAN,3072655,2024-09-19 14:00,2024,9,19,14:00,18.0,,5.9,,45.0,,0.0,,27.0,,9.0,,16.1,,97.58,,,,,,
447,-111.12,58.77,FORT CHIPEWYAN,3072655,2024-09-19 15:00,2024,9,19,15:00,17.9,,4.2,,40.0,,0.0,,27.0,,17.0,,16.1,,97.57,,,,,,
448,-111.12,58.77,FORT CHIPEWYAN,3072655,2024-09-19 16:00,2024,9,19,16:00,17.8,,5.2,,43.0,,0.0,,28.0,,9.0,,16.1,,97.56,,,,,,
449,-111.12,58.77,FORT CHIPEWYAN,3072655,2024-09-19 17:00,2024,9,19,17:00,17.4,,6.3,,48.0,,0.0,,26.0,,9.0,,16.1,,97.58,,,,,,
450,-111.12,58.77,FORT CHIPEWYAN,3072655,2024-09-19 18:00,2024,9,19,18:00,14.8,,7.6,,62.0,,0.0,,28.0,,5.0,,16.1,,97.6,,,,,,
451,-111.12,58.77,FORT CHIPEWYAN,3072655,2024-09-19 19:00,2024,9,19,19:00,9.3,,5.9,,79.0,,0.0,,7.0,,4.0,,16.1,,97.61,,,,,,
452,-111.12,58.77,FORT CHIPEWYAN,3072655,2024-09-19 20:00,2024,9,19,20:00,6.7,,5.0,,89.0,,0.0,,,,0.0,,16.1,,97.65,,,,,,
453,-111.12,58.77,FORT CHIPEWYAN,3072655,2024-09-19 21:00,2024,9,19,21:00,5.7,,4.4,,91.0,,0.0,,,,0.0,,16.1,,97.64,,,,,,
454,-111.12,58.77,FORT CHIPEWYAN,3072655,2024-09-19 22:00,2024,9,19,22:00,4.4,,3.7,,95.0,,0.0,,,,0.0,,12.9,,97.66,,,,,,
455,-111.12,58.77,FORT CHIPEWYAN,3072655,2024-09-19 23:00,2024,9,19,23:00,3.7,,3.1,,96.0,,0.0,,,,0.0,,16.1,,97.69,,,,,,
456,-111.12,58.77,FORT CHIPEWYAN,3072655,2024-09-20 00:00,2024,9,20,00:00,4.1,,3.5,,96.0,,0.0,,,,0.0,,16.1,,97.71,,,,,,
457,-111.12,58.77,FORT CHIPEWYAN,3072655,2024-09-20 01:00,2024,9,20,01:00,3.7,,3.1,,96.0,,0.0,,,,0.0,,16.1,,97.71,,,,,,
458,-111.12,58.77,FORT CHIPEWYAN,3072655,2024-09-20 02:00,2024,9,20,02:00,4.0,,3.4,,96.0,,0.0,,,,0.0,,16.1,,97.77,,,,,,
459,-111.12,58.77,FORT CHIPEWYAN,3072655,2024-09-20 03:00,2024,9,20,03:00,2.9,,2.2,,95.0,,0.0,,27.0,,4.0,,16.1,,97.82,,,,,,
460,-111.12,58.77,FORT CHIPEWYAN,3072655,2024-09-20 04:00,2024,9,20,04:00,1.8,,1.3,,97.0,,0.0,,,,0.0,,16.1,,97.85,,,,,,
461,-111.12,58.77,FORT CHIPEWYAN,3072655,2024-09-20 05:00,2024,9,20,05:00,0.8,,0.4,,97.0,,0.0,,,M,4.0,,16.1,,97.88,,,,,,
462,-111.12,58.77,FORT CHIPEWYAN,3072655,2024-09-20 06:00,2024,9,20,06:00,6.6,,4.3,,85.0,,0.0,,34.0,,8.0,,16.1,,97.91,,,,,,
463,-111.12,58.77,FORT CHIPEWYAN,3072655,2024-09-20 07:00,2024,9,20,07:00,6.7,,5.0,,89.0,,0.0,,35.0,,13.0,,16.1,,97.95,,,,,,
464,-111.12,58.77,FORT CHIPEWYAN,3072655,2024-09-20 08:00,2024,9,20,08:00,7.5,,5.3,,86.0,,0.0,,35.0,,11.0,,16.1,,97.99,,,,,,
465,-111.12,58.77,FORT CHIPEWYAN,3072655,2024-09-20 09:00,2024,9,20,09:00,11.0,,5.7,,69.0,,0.0,,36.0,,17.0,,16.1,,98.04,,,,,,
466,-111.12,58.77,FORT CHIPEWYAN,3072655,2024-09-20 10:00,2024,9,20,10:00,13.3,,5.3,,58.0,,0.0,,1.0,,17.0,,16.1,,98.09,,,,,,
467,-111.12,58.77,FORT CHIPEWYAN,3072655,2024-09-20 11:00,2024,9,20,11:00,15.0,,4.2,,48.0,,0.0,,2.0,,24.0,,16.1,,98.11,,,,,,
468,-111.12,58.77,FORT CHIPEWYAN,3072655,2024-09-20 12:00,2024,9,20,12:00,15.4,,3.5,,45.0,,0.0,,1.0,,26.0,,16.1,,98.16,,,,,,
469,-111.12,58.77,FORT CHIPEWYAN,3072655,2024-09-20 13:00,2024,9,20,13:00,15.9,,2.5,,40.0,,0.0,,36.0,,15.0,,16.1,,98.21,,,,,,
470,-111.12,58.77,FORT CHIPEWYAN,3072655,2024-09-20 14:00,2024,9,20,14:00,16.1,,2.7,,40.0,,0.0,,31.0,,21.0,,16.1,,98.26,,,,,,
471,-111.12,58.77,FORT CHIPEWYAN,3072655,2024-09-20 15:00,2024,9,20,15:00,15.2,,2.1,,41.0,,0.0,,36.0,,26.0,,16.1,,98.33,,,,,,
472,-111.12,58.77,FORT CHIPEWYAN,3072655,2024-09-20 16:00,2024,9,20,16:00,14.9,,3.1,,45.0,,0.0,,33.0,,18.0,,16.1,,98.4,,,,,,
473,-111.12,58.77,FORT CHIPEWYAN,3072655,2024-09-20 17:00,2024,9,20,17:00,13.9,,3.6,,50.0,,0.0,,34.0,,15.0,,16.1,,98.46,,,,,,
474,-111.12,58.77,FORT CHIPEWYAN,3072655,2024-09-20 18:00,2024,9,20,18:00,12.5,,3.5,,54.0,,0.0,,35.0,,15.0,,16.1,,98.53,,,,,,
475,-111.12,58.77,FORT CHIPEWYAN,3072655,2024-09-20 19:00,2024,9,20,19:00,10.5,,3.3,,61.0,,0.0,,36.0,,5.0,,16.1,,98.63,,,,,,
476,-111.12,58.77,FORT CHIPEWYAN,3072655,2024-09-20 20:00,2024,9,20,20:00,9.4,,3.2,,65.0,,0.0,,36.0,,5.0,,16.1,,98.7,,,,,,
477,-111.12,58.77,FORT CHIPEWYAN,3072655,2024-09-20 21:00,2024,9,20,21:00,4.0,,2.0,,87.0,,0.0,,26.0,,5.0,,16.1,,98.75,,,,,,
478,-111.12,58.77,FORT CHIPEWYAN,3072655,2024-09-20 22:00,2024,9,20,22:00,2.4,,0.9,,90.0,,0.0,,29.0,,5.0,,16.1,,98.79,,,,,,
479,-111.12,58.77,FORT CHIPEWYAN,3072655,2024-09-20 23:00,2024,9,20,23:00,1.5,,0.3,,92.0,,0.0,,28.0,,4.0,,16.1,,98.86,,,,,,
480,-111.12,58.77,FORT CHIPEWYAN,3072655,2024-09-21 00:00,2024,9,21,00:00,1.5,,0.5,,93.0,,0.0,,28.0,,8.0,,16.1,,98.87,,,,,,
481,-111.12,58.77,FORT CHIPEWYAN,3072655,2024-09-21 01:00,2024,9,21,01:00,-0.2,,-0.8,,96.0,,0.0,,,,0.0,,16.1,,98.91,,,,,,
482,-111.12,58.77,FORT CHIPEWYAN,3072655,2024-09-21 02:00,2024,9,21,02:00,-1.0,,-1.6,,96.0,,0.0,,,,0.0,,16.1,,98.92,,,,,,
483,-111.12,58.77,FORT CHIPEWYAN,3072655,2024-09-21 03:00,2024,9,21,03:00,-1.0,,-1.6,,96.0,,0.0,,,,0.0,,16.1,,98.94,,,,,,
484,-111.12,58.77,FORT CHIPEWYAN,3072655,2024-09-21 04:00,2024,9,21,04:00,-1.4,,-1.8,,97.0,,0.0,,,,0.0,,16.1,,98.97,,,,,,
485,-111.12,58.77,FORT CHIPEWYAN,3072655,2024-09-21 05:00,2024,9,21,05:00,-1.2,,-1.6,,97.0,,0.0,,23.0,,4.0,,4.8,,99.02,,,,-3.0,,Fog
486,-111.12,58.77,FORT CHIPEWYAN,3072655,2024-09-21 06:00,2024,9,21,06:00,-1.6,,-2.0,,97.0,,0.0,,24.0,,4.0,,1.2,,99.04,,,,-3.0,,Fog
487,-111.12,58.77,FORT CHIPEWYAN,3072655,2024-09-21 07:00,2024,9,21,07:00,-1.0,,-1.3,,98.0,,0.0,,26.0,,5.0,,0.4,,99.02,,,,-3.0,,Freezing Fog
488,-111.12,58.77,FORT CHIPEWYAN,3072655,2024-09-21 08:00,2024,9,21,08:00,2.4,,2.1,,98.0,,0.0,,,M,5.0,,1.6,,99.0,,,,,,Fog
489,-111.12,58.77,FORT CHIPEWYAN,3072655,2024-09-21 09:00,2024,9,21,09:00,6.1,,5.4,,95.0,,0.0,,,,0.0,,16.1,,98.99,,,,,,
490,-111.12,58.77,FORT CHIPEWYAN,3072655,2024-09-21 10:00,2024,9,21,10:00,8.9,,6.5,,85.0,,0.0,,,M,4.0,,16.1,,98.97,,,,,,
491,-111.12,58.77,FORT CHIPEWYAN,3072655,2024-09-21 11:00,2024,9,21,11:00,10.6,,6.0,,73.0,,0.0,,27.0,,8.0,,16.1,,98.95,,,,,,
492,-111.12,58.77,FORT CHIPEWYAN,3072655,2024-09-21 12:00,2024,9,21,12:00,10.4,,6.2,,75.0,,0.0,,12.0,,8.0,,16.1,,98.9,,,,,,
493,-111.12,58.77,FORT CHIPEWYAN,3072655,2024-09-21 13:00,2024,9,21,13:00,11.8,,4.4,,60.0,,0.0,,16.0,,8.0,,16.1,,98.85,,,,,,
494,-111.12,58.77,FORT CHIPEWYAN,3072655,2024-09-21 14:00,2024,9,21,14:00,12.1,,4.7,,60.0,,0.0,,,M,4.0,,16.1,,98.78,,,,,,
495,-111.12,58.77,FORT CHIPEWYAN,3072655,2024-09-21 15:00,2024,9,21,15:00,12.3,,4.8,,60.0,,0.0,,11.0,,11.0,,16.1,,98.71,,,,,,
496,-111.12,58.77,FORT CHIPEWYAN,3072655,2024-09-21 16:00,2024,9,21,16:00,11.2,,5.8,,69.0,,0.0,,8.0,,11.0,,16.1,,98.65,,,,,,
497,-111.12,58.77,FORT CHIPEWYAN,3072655,2024-09-21 17:00,2024,9,21,17:00,11.2,,6.1,,71.0,,0.0,,9.0,,11.0,,16.1,,98.62,,,,,,
498,-111.12,58.77,FORT CHIPEWYAN,3072655,2024-09-21 18:00,2024,9,21,18:00,11.2,,6.2,,71.0,,0.0,,9.0,,15.0,,16.1,,98.57,,,,,,
499,-111.12,58.77,FORT CHIPEWYAN,3072655,2024-09-21 19:00,2024,9,21,19:00,11.8,,5.9,,67.0,,0.0,,12.0,,15.0,,16.1,,98.53,,,,,,
500,-111.12,58.77,FORT CHIPEWYAN,3072655,2024-09-21 20:00,2024,9,21,20:00,11.8,,5.7,,66.0,,0.0,,11.0,,22.0,,16.1,,98.48,,,,,,
501,-111.12,58.77,FORT CHIPEWYAN,3072655,2024-09-21 21:00,2024,9,21,21:00,10.2,,5.6,,73.0,,0.0,,9.0,,18.0,,16.1,,98.4,,,,,,
502,-111.12,58.77,FORT CHIPEWYAN,3072655,2024-09-21 22:00,2024,9,21,22:00,10.8,,6.6,,75.0,,0.0,,10.0,,17.0,,16.1,,98.33,,,,,,
503,-111.12,58.77,FORT CHIPEWYAN,3072655,2024-09-21 23:00,2024,9,21,23:00,10.8,,6.8,,76.0,,0.0,,10.0,,9.0,,16.1,,98.31,,,,,,
504,-111.12,58.77,FORT CHIPEWYAN,3072655,2024-09-22 00:00,2024,9,22,00:00,10.8,,6.4,,74.0,,0.0,,14.0,,9.0,,16.1,,98.28,,,,,,
505,-111.12,58.77,FORT CHIPEWYAN,3072655,2024-09-22 01:00,2024,9,22,01:00,11.0,,6.6,,74.0,,0.0,,13.0,,9.0,,16.1,,98.23,,,,,,
506,-111.12,58.77,FORT CHIPEWYAN,3072655,2024-09-22 02:00,2024,9,22,02:00,9.9,,6.6,,80.0,,0.0,,13.0,,9.0,,16.1,,98.19,,,,,,
507,-111.12,58.77,FORT CHIPEWYAN,3072655,2024-09-22 03:00,2024,9,22,03:00,8.5,,6.3,,86.0,,0.0,,11.0,,9.0,,16.1,,98.16,,,,,,
508,-111.12,58.77,FORT CHIPEWYAN,3072655,2024-09-22 04:00,2024,9,22,04:00,9.1,,7.1,,87.0,,0.0,,10.0,,9.0,,16.1,,98.11,,,,,,
509,-111.12,58.77,FORT CHIPEWYAN,3072655,2024-09-22 05:00,2024,9,22,05:00,8.3,,6.6,,89.0,,0.0,,11.0,,8.0,,16.1,,98.1,,,,,,
510,-111.12,58.77,FORT CHIPEWYAN,3072655,2024-09-22 06:00,2024,9,22,06:00,9.3,,7.3,,87.0,,0.0,,12.0,,9.0,,16.1,,98.05,,,,,,
511,-111.12,58.77,FORT CHIPEWYAN,3072655,2024-09-22 07:00,2024,9,22,07:00,10.2,,7.5,,83.0,,0.0,,10.0,,13.0,,16.1,,98.03,,,,,,
512,-111.12,58.77,FORT CHIPEWYAN,3072655,2024-09-22 08:00,2024,9,22,08:00,10.4,,7.5,,82.0,,0.0,,11.0,,17.0,,16.1,,97.99,,,,,,
513,-111.12,58.77,FORT CHIPEWYAN,3072655,2024-09-22 09:00,2024,9,22,09:00,10.9,,7.6,,80.0,,0.0,,11.0,,13.0,,16.1,,97.98,,,,,,
514,-111.12,58.77,FORT CHIPEWYAN,3072655,2024-09-22 10:00,2024,9,22,10:00,11.4,,7.9,,79.0,,0.0,,9.0,,17.0,,16.1,,97.96,,,,,,
515,-111.12,58.77,FORT CHIPEWYAN,3072655,2024-09-22 11:00,2024,9,22,11:00,12.1,,7.8,,75.0,,0.0,,9.0,,17.0,,16.1,,97.91,,,,,,
516,-111.12,58.77,FORT CHIPEWYAN,3072655,2024-09-22 12:00,2024,9,22,12:00,13.2,,7.9,,70.0,,0.0,,10.0,,8.0,,16.1,,97.9,,,,,,
517,-111.12,58.77,FORT CHIPEWYAN,3072655,2024-09-22 13:00,2024,9,22,13:00,13.9,,8.0,,67.0,,0.0,,10.0,,11.0,,16.1,,97.88,,,,,,
518,-111.12,58.77,FORT CHIPEWYAN,3072655,2024-09-22 14:00,2024,9,22,14:00,14.3,,7.5,,63.0,,0.0,,8.0,,11.0,,16.1,,97.88,,,,,,
519,-111.12,58.77,FORT CHIPEWYAN,3072655,2024-09-22 15:00,2024,9,22,15:00,15.6,,7.7,,59.0,,0.0,,9.0,,8.0,,16.1,,97.85,,,,,,
520,-111.12,58.77,FORT CHIPEWYAN,3072655,2024-09-22 16:00,2024,9,22,16:00,14.8,,8.1,,64.0,,0.0,,7.0,,17.0,,16.1,,97.82,,,,,,
521,-111.12,58.77,FORT CHIPEWYAN,3072655,2024-09-22 17:00,2024,9,22,17:00,13.7,,8.1,,69.0,,0.0,,6.0,,21.0,,16.1,,97.83,,,,,,
522,-111.12,58.77,FORT CHIPEWYAN,3072655,2024-09-22 18:00,2024,9,22,18:00,12.1,,8.6,,79.0,,0.0,,5.0,,15.0,,16.1,,97.85,,,,,,
523,-111.12,58.77,FORT CHIPEWYAN,3072655,2024-09-22 19:00,2024,9,22,19:00,10.8,,8.6,,86.0,,0.0,,5.0,,17.0,,16.1,,97.83,,,,,,
524,-111.12,58.77,FORT CHIPEWYAN,3072655,2024-09-22 20:00,2024,9,22,20:00,9.8,,8.6,,92.0,,0.0,,6.0,,15.0,,16.1,,97.84,,,,,,
525,-111.12,58.77,FORT CHIPEWYAN,3072655,2024-09-22 21:00,2024,9,22,21:00,10.0,,8.8,,92.0,,0.0,,7.0,,11.0,,16.1,,97.84,,,,,,
526,-111.12,58.77,FORT CHIPEWYAN,3072655,2024-09-22 22:00,2024,9,22,22:00,9.9,,8.1,,88.0,,0.0,,7.0,,13.0,,16.1,,97.82,,,,,,
527,-111.12,58.77,FORT CHIPEWYAN,3072655,2024-09-22 23:00,2024,9,22,23:00,10.1,,7.9,,86.0,,0.0,,8.0,,15.0,,16.1,,97.83,,,,,,
528,-111.12,58.77,FORT CHIPEWYAN,3072655,2024-09-23 00:00,2024,9,23,00:00,10.0,,8.1,,88.0,,0.0,,8.0,,13.0,,16.1,,97.84,,,,,,
529,-111.12,58.77,FORT CHIPEWYAN,3072655,2024-09-23 01:00,2024,9,23,01:00,9.1,,7.4,,89.0,,0.0,,7.0,,15.0,,16.1,,97.86,,,,,,
530,-111.12,58.77,FORT CHIPEWYAN,3072655,2024-09-23 02:00,2024,9,23,02:00,8.9,,7.4,,90.0,,0.0,,8.0,,11.0,,16.1,,97.9,,,,,,
531,-111.12,58.77,FORT CHIPEWYAN,3072655,2024-09-23 03:00,2024,9,23,03:00,8.0,,6.8,,92.0,,0.0,,7.0,,9.0,,16.1,,97.93,,,,,,
532,-111.12,58.77,FORT CHIPEWYAN,3072655,2024-09-23 04:00,2024,9,23,04:00,5.8,,5.3,,97.0,,0.0,,8.0,,9.0,,16.1,,97.94,,,,,,
533,-111.12,58.77,FORT CHIPEWYAN,3072655,2024-09-23 05:00,2024,9,23,05:00,3.7,,3.4,,98.0,,0.0,,12.0,,5.0,,16.1,,97.99,,,,,,
534,-111.12,58.77,FORT CHIPEWYAN,3072655,2024-09-23 06:00,2024,9,23,06:00,5.7,,5.4,,98.0,,0.0,,7.0,,11.0,,16.1,,97.97,,,,,,
535,-111.12,58.77,FORT CHIPEWYAN,3072655,2024-09-23 07:00,2024,9,23,07:00,7.6,,7.0,,96.0,,0.0,,9.0,,11.0,,16.1,,97.96,,,,,,
536,-111.12,58.77,FORT CHIPEWYAN,3072655,2024-09-23 08:00,2024,9,23,08:00,9.4,,7.1,,85.0,,0.0,,10.0,,18.0,,16.1,,97.92,,,,,,
537,-111.12,58.77,FORT CHIPEWYAN,3072655,2024-09-23 09:00,2024,9,23,09:00,10.1,,7.0,,81.0,,0.0,,11.0,,17.0,,16.1,,97.96,,,,,,
538,-111.12,58.77,FORT CHIPEWYAN,3072655,2024-09-23 10:00,2024,9,23,10:00,10.7,,7.3,,79.0,,0.0,,7.0,,8.0,,16.1,,98.0,,,,,,
539,-111.12,58.77,FORT CHIPEWYAN,3072655,2024-09-23 11:00,2024,9,23,11:00,11.8,,7.0,,72.0,,0.0,,12.0,,13.0,,16.1,,97.93,,,,,,
540,-111.12,58.77,FORT CHIPEWYAN,3072655,2024-09-23 12:00,2024,9,23,12:00,12.2,,7.3,,72.0,,0.0,,12.0,,17.0,,16.1,,97.87,,,,,,
541,-111.12,58.77,FORT CHIPEWYAN,3072655,2024-09-23 13:00,2024,9,23,13:00,13.1,,7.4,,68.0,,0.0,,11.0,,18.0,,16.1,,97.83,,,,,,
542,-111.12,58.77,FORT CHIPEWYAN,3072655,2024-09-23 14:00,2024,9,23,14:00,13.2,,7.5,,68.0,,0.0,,11.0,,13.0,,16.1,,97.8,,,,,,
543,-111.12,58.77,FORT CHIPEWYAN,3072655,2024-09-23 15:00,2024,9,23,15:00,13.4,,7.7,,68.0,,0.0,,10.0,,15.0,,16.1,,97.71,,,,,,
544,-111.12,58.77,FORT CHIPEWYAN,3072655,2024-09-23 16:00,2024,9,23,16:00,12.5,,7.8,,73.0,,0.2,,8.0,,13.0,,16.1,,97.67,,,,,,
545,-111.12,58.77,FORT CHIPEWYAN,3072655,2024-09-23 17:00,2024,9,23,17:00,11.7,,8.2,,79.0,,0.0,,8.0,,13.0,,16.1,,97.62,,,,,,
546,-111.12,58.77,FORT CHIPEWYAN,3072655,2024-09-23 18:00,2024,9,23,18:00,11.6,,8.3,,80.0,,0.0,,9.0,,11.0,,16.1,,97.49,,,,,,
547,-111.12,58.77,FORT CHIPEWYAN,3072655,2024-09-23 19:00,2024,9,23,19:00,12.7,,8.6,,76.0,,0.0,,10.0,,11.0,,16.1,,97.46,,,,,,
548,-111.12,58.77,FORT CHIPEWYAN,3072655,2024-09-23 20:00,2024,9,23,20:00,12.9,,9.2,,78.0,,0.0,,12.0,,11.0,,16.1,,97.42,,,,,,
549,-111.12,58.77,FORT CHIPEWYAN,3072655,2024-09-23 21:00,2024,9,23,21:00,12.1,,9.2,,82.0,,0.0,,13.0,,8.0,,16.1,,97.35,,,,,,Rain
550,-111.12,58.77,FORT CHIPEWYAN,3072655,2024-09-23 22:00,2024,9,23,22:00,11.7,,8.9,,83.0,,0.0,,12.0,,9.0,,16.1,,97.24,,,,,,
551,-111.12,58.77,FORT CHIPEWYAN,3072655,2024-09-23 23:00,2024,9,23,23:00,11.6,,9.5,,87.0,,0.0,,,M,4.0,,16.1,,97.19,,,,,,
552,-111.12,58.77,FORT CHIPEWYAN,3072655,2024-09-24 00:00,2024,9,24,00:00,11.5,,10.3,,92.0,,0.0,,,M,4.0,,16.1,,97.14,,,,,,
553,-111.12,58.77,FORT CHIPEWYAN,3072655,2024-09-24 01:00,2024,9,24,01:00,11.6,,10.7,,94.0,,0.0,,,,0.0,,16.1,,97.11,,,,,,
554,-111.12,58.77,FORT CHIPEWYAN,3072655,2024-09-24 02:00,2024,9,24,02:00,11.5,,10.7,,95.0,,0.0,,,,0.0,,16.1,,97.1,,,,,,
555,-111.12,58.77,FORT CHIPEWYAN,3072655,2024-09-24 03:00,2024,9,24,03:00,11.3,,10.9,,97.0,,0.0,,27.0,,8.0,,11.3,,97.09,,,,,,
556,-111.12,58.77,FORT CHIPEWYAN,3072655,2024-09-24 04:00,2024,9,24,04:00,11.3,,11.0,,98.0,,0.0,,,,0.0,,0.8,,97.07,,,,,,Fog
557,-111.12,58.77,FORT CHIPEWYAN,3072655,2024-09-24 05:00,2024,9,24,05:00,9.9,,9.6,,98.0,,0.0,,15.0,,4.0,,0.6,,97.06,,,,,,Fog
558,-111.12,58.77,FORT CHIPEWYAN,3072655,2024-09-24 06:00,2024,9,24,06:00,9.7,,9.4,,98.0,,0.0,,13.0,,4.0,,0.6,,97.06,,,,,,Fog
559,-111.12,58.77,FORT CHIPEWYAN,3072655,2024-09-24 07:00,2024,9,24,07:00,10.2,,10.1,,99.0,,0.0,,,M,4.0,,3.2,,97.04,,,,,,Fog
560,-111.12,58.77,FORT CHIPEWYAN,3072655,2024-09-24 08:00,2024,9,24,08:00,,,,,,,,,,,,,,,,,,,,,
561,-111.12,58.77,FORT CHIPEWYAN,3072655,2024-09-24 09:00,2024,9,24,09:00,,,,,,,,,,,,,,,,,,,,,
562,-111.12,58.77,FORT CHIPEWYAN,3072655,2024-09-24 10:00,2024,9,24,10:00,,,,,,,,,,,,,,,,,,,,,
563,-111.12,58.77,FORT CHIPEWYAN,3072655,2024-09-24 11:00,2024,9,24,11:00,,,,,,,,,,,,,,,,,,,,,
564,-111.12,58.77,FORT CHIPEWYAN,3072655,2024-09-24 12:00,2024,9,24,12:00,,M,,M,,M,,M,,M,,M,,M,,M,,,,,
565,-111.12,58.77,FORT CHIPEWYAN,3072655,2024-09-24 13:00,2024,9,24,13:00,15.4,,12.7,,84.0,,0.0,,,M,,M,,M,,M,,,,,
566,-111.12,58.77,FORT CHIPEWYAN,3072655,2024-09-24 14:00,2024,9,24,14:00,16.7,,12.5,,76.0,,0.0,,27.0,,17.0,,16.1,,97.21,,,,,,
567,-111.12,58.77,FORT CHIPEWYAN,3072655,2024-09-24 15:00,2024,9,24,15:00,17.9,,12.2,,69.0,,0.0,,27.0,,24.0,,16.1,,97.25,,,,,,
568,-111.12,58.77,FORT CHIPEWYAN,3072655,2024-09-24 16:00,2024,9,24,16:00,18.0,,11.9,,67.0,,0.2,,29.0,,18.0,,16.1,,97.27,,,,,,
569,-111.12,58.77,FORT CHIPEWYAN,3072655,2024-09-24 17:00,2024,9,24,17:00,17.8,,12.3,,70.0,,0.5,,29.0,,5.0,,16.1,,97.29,,,,,,
570,-111.12,58.77,FORT CHIPEWYAN,3072655,2024-09-24 18:00,2024,9,24,18:00,14.8,,12.2,,84.0,,0.0,,,,0.0,,16.1,,97.3,,,,,,
571,-111.12,58.77,FORT CHIPEWYAN,3072655,2024-09-24 19:00,2024,9,24,19:00,11.7,,10.5,,92.0,,0.0,,26.0,,5.0,,16.1,,97.36,,,,,,
572,-111.12,58.77,FORT CHIPEWYAN,3072655,2024-09-24 20:00,2024,9,24,20:00,11.2,,8.3,,82.0,,0.0,,26.0,,4.0,,16.1,,97.37,,,,,,
573,-111.12,58.77,FORT CHIPEWYAN,3072655,2024-09-24 21:00,2024,9,24,21:00,7.9,,7.2,,96.0,,0.0,,,,0.0,,16.1,,97.35,,,,,,
574,-111.12,58.77,FORT CHIPEWYAN,3072655,2024-09-24 22:00,2024,9,24,22:00,6.5,,6.0,,97.0,,0.0,,,,0.0,,16.1,,97.35,,,,,,
575,-111.12,58.77,FORT CHIPEWYAN,3072655,2024-09-24 23:00,2024,9,24,23:00,5.5,,5.4,,99.0,,0.0,,6.0,,8.0,,16.1,,97.33,,,,,,
576,-111.12,58.77,FORT CHIPEWYAN,3072655,2024-09-25 00:00,2024,9,25,00:00,5.5,,5.3,,99.0,,0.0,,6.0,,9.0,,16.1,,97.33,,,,,,
577,-111.12,58.77,FORT CHIPEWYAN,3072655,2024-09-25 01:00,2024,9,25,01:00,6.0,,5.6,,97.0,,0.0,,5.0,,11.0,,16.1,,97.3,,,,,,
578,-111.12,58.77,FORT CHIPEWYAN,3072655,2024-09-25 02:00,2024,9,25,02:00,6.6,,5.7,,94.0,,0.0,,9.0,,8.0,,16.1,,97.35,,,,,,
579,-111.12,58.77,FORT CHIPEWYAN,3072655,2024-09-25 03:00,2024,9,25,03:00,8.3,,5.8,,84.0,,0.0,,6.0,,5.0,,16.1,,97.29,,,,,,
580,-111.12,58.77,FORT CHIPEWYAN,3072655,2024-09-25 04:00,2024,9,25,04:00,10.6,,5.2,,69.0,,0.0,,15.0,,13.0,,16.1,,97.21,,,,,,
581,-111.12,58.77,FORT CHIPEWYAN,3072655,2024-09-25 05:00,2024,9,25,05:00,10.5,,5.5,,71.0,,0.0,,13.0,,13.0,,16.1,,97.14,,,,,,
582,-111.12,58.77,FORT CHIPEWYAN,3072655,2024-09-25 06:00,2024,9,25,06:00,11.8,,6.3,,69.0,,0.0,,13.0,,11.0,,16.1,,97.09,,,,,,
583,-111.12,58.77,FORT CHIPEWYAN,3072655,2024-09-25 07:00,2024,9,25,07:00,11.4,,7.1,,75.0,,0.0,,12.0,,11.0,,16.1,,97.0,,,,,,
584,-111.12,58.77,FORT CHIPEWYAN,3072655,2024-09-25 08:00,2024,9,25,08:00,12.3,,7.2,,71.0,,0.0,,12.0,,11.0,,16.1,,96.95,,,,,,
585,-111.12,58.77,FORT CHIPEWYAN,3072655,2024-09-25 09:00,2024,9,25,09:00,12.6,,8.5,,76.0,,0.0,,11.0,,17.0,,16.1,,96.84,,,,,,
586,-111.12,58.77,FORT CHIPEWYAN,3072655,2024-09-25 10:00,2024,9,25,10:00,13.3,,8.6,,73.0,,0.0,,11.0,,15.0,,16.1,,96.72,,,,,,
587,-111.12,58.77,FORT CHIPEWYAN,3072655,2024-09-25 11:00,2024,9,25,11:00,13.6,,10.0,,79.0,,0.0,,11.0,,15.0,,16.1,,96.61,,,,,,Rain
588,-111.12,58.77,FORT CHIPEWYAN,3072655,2024-09-25 12:00,2024,9,25,12:00,14.7,,9.8,,72.0,,0.0,,11.0,,13.0,,16.1,,96.56,,,,,,
589,-111.12,58.77,FORT CHIPEWYAN,3072655,2024-09-25 13:00,2024,9,25,13:00,15.4,,11.0,,75.0,,0.0,,12.0,,5.0,,16.1,,96.57,,,,,,Rain
590,-111.12,58.77,FORT CHIPEWYAN,3072655,2024-09-25 14:00,2024,9,25,14:00,17.1,,10.9,,67.0,,0.0,,,M,5.0,,16.1,,96.48,,,,,,
591,-111.12,58.77,FORT CHIPEWYAN,3072655,2024-09-25 15:00,2024,9,25,15:00,16.9,,11.7,,71.0,,0.0,,,M,4.0,,16.1,,96.47,,,,,,
592,-111.12,58.77,FORT CHIPEWYAN,3072655,2024-09-25 16:00,2024,9,25,16:00,16.5,,11.4,,72.0,,0.0,,18.0,,5.0,,16.1,,96.46,,,,,,
593,-111.12,58.77,FORT CHIPEWYAN,3072655,2024-09-25 17:00,2024,9,25,17:00,16.4,,11.4,,72.0,,0.0,,17.0,,5.0,,16.1,,96.42,,,,,,
594,-111.12,58.77,FORT CHIPEWYAN,3072655,2024-09-25 18:00,2024,9,25,18:00,15.8,,11.8,,77.0,,0.0,,24.0,,5.0,,16.1,,96.48,,,,,,
595,-111.12,58.77,FORT CHIPEWYAN,3072655,2024-09-25 19:00,2024,9,25,19:00,14.7,,12.0,,84.0,,0.0,,,,0.0,,16.1,,96.5,,,,,,
596,-111.12,58.77,FORT CHIPEWYAN,3072655,2024-09-25 20:00,2024,9,25,20:00,13.1,,11.0,,87.0,,0.0,,25.0,,4.0,,16.1,,96.49,,,,,,
597,-111.12,58.77,FORT CHIPEWYAN,3072655,2024-09-25 21:00,2024,9,25,21:00,14.4,,11.2,,81.0,,0.0,,27.0,,4.0,,16.1,,96.48,,,,,,
598,-111.12,58.77,FORT CHIPEWYAN,3072655,2024-09-25 22:00,2024,9,25,22:00,12.8,,10.6,,86.0,,0.0,,28.0,,9.0,,16.1,,96.47,,,,,,
599,-111.12,58.77,FORT CHIPEWYAN,3072655,2024-09-25 23:00,2024,9,25,23:00,11.9,,10.8,,93.0,,0.0,,25.0,,9.0,,16.1,,96.54,,,,,,
600,-111.12,58.77,FORT CHIPEWYAN,3072655,2024-09-26 00:00,2024,9,26,00:00,10.8,,9.8,,94.0,,0.0,,26.0,,9.0,,16.1,,96.55,,,,,,
601,-111.12,58.77,FORT CHIPEWYAN,3072655,2024-09-26 01:00,2024,9,26,01:00,9.5,,9.3,,99.0,,0.0,,31.0,,5.0,,16.1,,96.58,,,,,,
602,-111.12,58.77,FORT CHIPEWYAN,3072655,2024-09-26 02:00,2024,9,26,02:00,8.4,,8.3,,99.0,,0.0,,27.0,,5.0,,6.4,,96.71,,,,,,Fog
603,-111.12,58.77,FORT CHIPEWYAN,3072655,2024-09-26 03:00,2024,9,26,03:00,9.9,,9.3,,96.0,,0.0,,29.0,,11.0,,16.1,,96.76,,,,,,
604,-111.12,58.77,FORT CHIPEWYAN,3072655,2024-09-26 04:00,2024,9,26,04:00,10.0,,8.9,,93.0,,0.0,,30.0,,5.0,,16.1,,96.71,,,,,,
605,-111.12,58.77,FORT CHIPEWYAN,3072655,2024-09-26 05:00,2024,9,26,05:00,9.9,,8.2,,89.0,,0.0,,29.0,,13.0,,16.1,,96.85,,,,,,
606,-111.12,58.77,FORT CHIPEWYAN,3072655,2024-09-26 06:00,2024,9,26,06:00,9.6,,8.1,,90.0,,0.0,,29.0,,11.0,,16.1,,96.87,,,,,,
607,-111.12,58.77,FORT CHIPEWYAN,3072655,2024-09-26 07:00,2024,9,26,07:00,9.4,,7.9,,90.0,,0.0,,29.0,,9.0,,16.1,,96.87,,,,,,
608,-111.12,58.77,FORT CHIPEWYAN,3072655,2024-09-26 08:00,2024,9,26,08:00,9.2,,8.0,,92.0,,0.0,,27.0,,11.0,,16.1,,97.0,,,,,,
609,-111.12,58.77,FORT CHIPEWYAN,3072655,2024-09-26 09:00,2024,9,26,09:00,9.6,,8.2,,91.0,,0.0,,29.0,,13.0,,16.1,,96.97,,,,,,
610,-111.12,58.77,FORT CHIPEWYAN,3072655,2024-09-26 10:00,2024,9,26,10:00,10.3,,7.9,,85.0,,0.0,,29.0,,15.0,,16.1,,97.01,,,,,,
611,-111.12,58.77,FORT CHIPEWYAN,3072655,2024-09-26 11:00,2024,9,26,11:00,10.6,,7.5,,81.0,,0.2,,30.0,,11.0,,16.1,,97.04,,,,,,
612,-111.12,58.77,FORT CHIPEWYAN,3072655,2024-09-26 12:00,2024,9,26,12:00,10.5,,7.8,,83.0,,0.0,,29.0,,17.0,,16.1,,97.06,,,,,,
613,-111.12,58.77,FORT CHIPEWYAN,3072655,2024-09-26 13:00,2024,9,26,13:00,11.9,,6.8,,71.0,,0.0,,29.0,,21.0,,16.1,,97.12,,,,,,
614,-111.12,58.77,FORT CHIPEWYAN,3072655,2024-09-26 14:00,2024,9,26,14:00,11.9,,6.9,,71.0,,0.0,,28.0,,15.0,,16.1,,97.2,,,,,,
615,-111.12,58.77,FORT CHIPEWYAN,3072655,2024-09-26 15:00,2024,9,26,15:00,12.7,,6.9,,68.0,,0.0,,28.0,,17.0,,16.1,,97.22,,,,,,
616,-111.12,58.77,FORT CHIPEWYAN,3072655,2024-09-26 16:00,2024,9,26,16:00,13.5,,6.0,,60.0,,0.0,,27.0,,26.0,,16.1,,97.22,,,,,,
617,-111.12,58.77,FORT CHIPEWYAN,3072655,2024-09-26 17:00,2024,9,26,17:00,12.6,,6.0,,64.0,,0.0,,26.0,,15.0,,16.1,,97.23,,,,,,
618,-111.12,58.77,FORT CHIPEWYAN,3072655,2024-09-26 18:00,2024,9,26,18:00,9.6,,6.2,,79.0,,0.0,,,,0.0,,16.1,,97.26,,,,,,
619,-111.12,58.77,FORT CHIPEWYAN,3072655,2024-09-26 19:00,2024,9,26,19:00,8.9,,7.4,,90.0,,1.2,,25.0,,17.0,,16.1,,97.37,,,,,,Rain
620,-111.12,58.77,FORT CHIPEWYAN,3072655,2024-09-26 20:00,2024,9,26,20:00,7.4,,7.1,,98.0,,0.2,,,M,4.0,,16.1,,97.37,,,,,,
621,-111.12,58.77,FORT CHIPEWYAN,3072655,2024-09-26 21:00,2024,9,26,21:00,6.8,,6.7,,99.0,,0.0,,,,0.0,,16.1,,97.34,,,,,,
622,-111.12,58.77,FORT CHIPEWYAN,3072655,2024-09-26 22:00,2024,9,26,22:00,5.1,,5.0,,99.0,,0.0,,,,0.0,,1.6,,97.35,,,,,,Fog
623,-111.12,58.77,FORT CHIPEWYAN,3072655,2024-09-26 23:00,2024,9,26,23:00,6.7,,6.3,,97.0,,0.0,,28.0,,5.0,,16.1,,97.35,,,,,,
624,-111.12,58.77,FORT CHIPEWYAN,3072655,2024-09-27 00:00,2024,9,27,00:00,6.5,,6.2,,98.0,,0.0,,26.0,,8.0,,16.1,,97.37,,,,,,
625,-111.12,58.77,FORT CHIPEWYAN,3072655,2024-09-27 01:00,2024,9,27,01:00,5.4,,5.3,,99.0,,0.0,,26.0,,4.0,,16.1,,97.38,,,,,,
626,-111.12,58.77,FORT CHIPEWYAN,3072655,2024-09-27 02:00,2024,9,27,02:00,4.8,,4.8,,100.0,,0.0,,25.0,,8.0,,2.0,,97.41,,,,,,Fog
627,-111.12,58.77,FORT CHIPEWYAN,3072655,2024-09-27 03:00,2024,9,27,03:00,1.7,,1.7,,100.0,,0.0,,,,0.0,,0.6,,97.4,,,,,,Fog
628,-111.12,58.77,FORT CHIPEWYAN,3072655,2024-09-27 04:00,2024,9,27,04:00,2.2,,2.1,,100.0,,0.0,,27.0,,4.0,,1.6,,97.44,,,,,,Fog
629,-111.12,58.77,FORT CHIPEWYAN,3072655,2024-09-27 05:00,2024,9,27,05:00,3.6,,3.6,,100.0,,0.0,,26.0,,4.0,,1.2,,97.43,,,,,,Fog
630,-111.12,58.77,FORT CHIPEWYAN,3072655,2024-09-27 06:00,2024,9,27,06:00,1.6,,1.6,,100.0,,0.0,,,M,4.0,,16.1,,97.41,,,,,,
631,-111.12,58.77,FORT CHIPEWYAN,3072655,2024-09-27 07:00,2024,9,27,07:00,2.6,,2.6,,100.0,,0.0,,,,0.0,,16.1,,97.42,,,,,,
632,-111.12,58.77,FORT CHIPEWYAN,3072655,2024-09-27 08:00,2024,9,27,08:00,4.1,,4.1,,100.0,,0.0,,,M,4.0,,16.1,,97.45,,,,,,
633,-111.12,58.77,FORT CHIPEWYAN,3072655,2024-09-27 09:00,2024,9,27,09:00,7.4,,6.3,,92.0,,0.0,,,,0.0,,16.1,,97.49,,,,,,
634,-111.12,58.77,FORT CHIPEWYAN,3072655,2024-09-27 10:00,2024,9,27,10:00,9.1,,6.5,,84.0,,0.0,,,,0.0,,16.1,,97.51,,,,,,
635,-111.12,58.77,FORT CHIPEWYAN,3072655,2024-09-27 11:00,2024,9,27,11:00,10.9,,6.8,,76.0,,0.0,,,,0.0,,16.1,,97.52,,,,,,
636,-111.12,58.77,FORT CHIPEWYAN,3072655,2024-09-27 12:00,2024,9,27,12:00,13.3,,6.6,,64.0,,0.0,,21.0,,5.0,,16.1,,97.54,,,,,,
637,-111.12,58.77,FORT CHIPEWYAN,3072655,2024-09-27 13:00,2024,9,27,13:00,13.5,,5.5,,58.0,,0.0,,,M,4.0,,16.1,,97.58,,,,,,
638,-111.12,58.77,FORT CHIPEWYAN,3072655,2024-09-27 14:00,2024,9,27,14:00,14.4,,6.0,,57.0,,0.0,,20.0,,9.0,,12.9,,97.61,,,,,,
639,-111.12,58.77,FORT CHIPEWYAN,3072655,2024-09-27 15:00,2024,9,27,15:00,14.8,,6.1,,56.0,,0.0,,19.0,,13.0,,16.1,,97.65,,,,,,
640,-111.12,58.77,FORT CHIPEWYAN,3072655,2024-09-27 16:00,2024,9,27,16:00,14.4,,4.7,,52.0,,0.0,,28.0,,13.0,,16.1,,97.72,,,,,,
641,-111.12,58.77,FORT CHIPEWYAN,3072655,2024-09-27 17:00,2024,9,27,17:00,13.8,,5.2,,56.0,,0.0,,27.0,,8.0,,16.1,,97.75,,,,,,
642,-111.12,58.77,FORT CHIPEWYAN,3072655,2024-09-27 18:00,2024,9,27,18:00,8.9,,5.6,,80.0,,0.0,,,,0.0,,16.1,,97.79,,,,,,
643,-111.12,58.77,FORT CHIPEWYAN,3072655,2024-09-27 19:00,2024,9,27,19:00,6.5,,4.9,,89.0,,0.0,,7.0,,4.0,,12.9,,97.83,,,,,,
644,-111.12,58.77,FORT CHIPEWYAN,3072655,2024-09-27 20:00,2024,9,27,20:00,7.2,,5.4,,88.0,,0.0,,,M,4.0,,1.6,,97.87,,,,,,Fog
645,-111.12,58.77,FORT CHIPEWYAN,3072655,2024-09-27 21:00,2024,9,27,21:00,6.3,,5.1,,92.0,,0.0,,,M,4.0,,16.1,,97.89,,,,,,
646,-111.12,58.77,FORT CHIPEWYAN,3072655,2024-09-27 22:00,2024,9,27,22:00,7.6,,6.6,,93.0,,0.0,,6.0,,9.0,,16.1,,97.89,,,,,,
647,-111.12,58.77,FORT CHIPEWYAN,3072655,2024-09-27 23:00,2024,9,27,23:00,8.5,,7.8,,95.0,,0.0,,7.0,,8.0,,16.1,,97.91,,,,,,
648,-111.12,58.77,FORT CHIPEWYAN,3072655,2024-09-28 00:00,2024,9,28,00:00,9.1,,7.7,,91.0,,0.0,,7.0,,8.0,,16.1,,97.93,,,,,,
649,-111.12,58.77,FORT CHIPEWYAN,3072655,2024-09-28 01:00,2024,9,28,01:00,9.4,,8.2,,92.0,,0.0,,6.0,,8.0,,16.1,,97.94,,,,,,Rain
650,-111.12,58.77,FORT CHIPEWYAN,3072655,2024-09-28 02:00,2024,9,28,02:00,9.6,,7.9,,89.0,,0.0,,8.0,,9.0,,6.4,,98.01,,,,,,"Rain,Fog"
651,-111.12,58.77,FORT CHIPEWYAN,3072655,2024-09-28 03:00,2024,9,28,03:00,9.0,,7.3,,89.0,,0.0,,4.0,,11.0,,16.1,,98.08,,,,,,
652,-111.12,58.77,FORT CHIPEWYAN,3072655,2024-09-28 04:00,2024,9,28,04:00,7.5,,5.5,,87.0,,0.0,,5.0,,8.0,,16.1,,98.19,,,,,,Rain
653,-111.12,58.77,FORT CHIPEWYAN,3072655,2024-09-28 05:00,2024,9,28,05:00,7.5,,5.5,,87.0,,0.0,,34.0,,8.0,,16.1,,98.27,,,,,,
654,-111.12,58.77,FORT CHIPEWYAN,3072655,2024-09-28 06:00,2024,9,28,06:00,7.0,,5.6,,91.0,,0.2,,35.0,,9.0,,16.1,,98.36,,,,,,Rain
655,-111.12,58.77,FORT CHIPEWYAN,3072655,2024-09-28 07:00,2024,9,28,07:00,6.5,,6.1,,97.0,,0.2,,27.0,,8.0,,16.1,,98.45,,,,,,Rain
656,-111.12,58.77,FORT CHIPEWYAN,3072655,2024-09-28 08:00,2024,9,28,08:00,6.6,,6.3,,98.0,,0.2,,28.0,,9.0,,16.1,,98.54,,,,,,Rain
657,-111.12,58.77,FORT CHIPEWYAN,3072655,2024-09-28 09:00,2024,9,28,09:00,7.2,,6.9,,98.0,,0.0,,27.0,,11.0,,16.1,,98.61,,,,,,
658,-111.12,58.77,FORT CHIPEWYAN,3072655,2024-09-28 10:00,2024,9,28,10:00,8.2,,7.7,,96.0,,0.0,,29.0,,11.0,,16.1,,98.66,,,,,,Rain
659,-111.12,58.77,FORT CHIPEWYAN,3072655,2024-09-28 11:00,2024,9,28,11:00,8.7,,7.4,,91.0,,0.0,,27.0,,15.0,,16.1,,98.7,,,,,,Rain
660,-111.12,58.77,FORT CHIPEWYAN,3072655,2024-09-28 12:00,2024,9,28,12:00,8.8,,7.9,,94.0,,0.0,,26.0,,11.0,,16.1,,98.72,,,,,,
661,-111.12,58.77,FORT CHIPEWYAN,3072655,2024-09-28 13:00,2024,9,28,13:00,9.1,,7.9,,92.0,,0.2,,24.0,,11.0,,16.1,,98.72,,,,,,Rain
662,-111.12,58.77,FORT CHIPEWYAN,3072655,2024-09-28 14:00,2024,9,28,14:00,9.1,,7.9,,92.0,,0.0,,24.0,,11.0,,16.1,,98.72,,,,,,
663,-111.12,58.77,FORT CHIPEWYAN,3072655,2024-09-28 15:00,2024,9,28,15:00,10.0,,8.2,,88.0,,0.0,,22.0,,9.0,,16.1,,98.68,,,,,,
664,-111.12,58.77,FORT CHIPEWYAN,3072655,2024-09-28 16:00,2024,9,28,16:00,9.9,,7.0,,82.0,,0.0,,24.0,,13.0,,16.1,,98.66,,,,,,
665,-111.12,58.77,FORT CHIPEWYAN,3072655,2024-09-28 17:00,2024,9,28,17:00,9.8,,6.4,,79.0,,0.0,,24.0,,11.0,,16.1,,98.64,,,,,,
666,-111.12,58.77,FORT CHIPEWYAN,3072655,2024-09-28 18:00,2024,9,28,18:00,8.9,,6.2,,83.0,,0.0,,24.0,,9.0,,16.1,,98.63,,,,,,
667,-111.12,58.77,FORT CHIPEWYAN,3072655,2024-09-28 19:00,2024,9,28,19:00,7.0,,5.5,,90.0,,0.0,,25.0,,4.0,,16.1,,98.61,,,,,,
668,-111.12,58.77,FORT CHIPEWYAN,3072655,2024-09-28 20:00,2024,9,28,20:00,4.0,,3.7,,98.0,,0.0,,,,0.0,,16.1,,98.62,,,,,,
669,-111.12,58.77,FORT CHIPEWYAN,3072655,2024-09-28 21:00,2024,9,28,21:00,5.4,,4.4,,94.0,,0.0,,,M,4.0,,16.1,,98.61,,,,,,
670,-111.12,58.77,FORT CHIPEWYAN,3072655,2024-09-28 22:00,2024,9,28,22:00,6.1,,4.3,,88.0,,0.0,,25.0,,5.0,,16.1,,98.62,,,,,,
671,-111.12,58.77,FORT CHIPEWYAN,3072655,2024-09-28 23:00,2024,9,28,23:00,4.7,,3.3,,91.0,,0.0,,,M,4.0,,16.1,,98.61,,,,,,
672,-111.12,58.77,FORT CHIPEWYAN,3072655,2024-09-29 00:00,2024,9,29,00:00,4.4,,3.1,,91.0,,0.0,,,,0.0,,16.1,,98.6,,,,,,
673,-111.12,58.77,FORT CHIPEWYAN,3072655,2024-09-29 01:00,2024,9,29,01:00,4.1,,3.3,,94.0,,0.0,,21.0,,5.0,,16.1,,98.56,,,,,,
674,-111.12,58.77,FORT CHIPEWYAN,3072655,2024-09-29 02:00,2024,9,29,02:00,2.3,,1.6,,95.0,,0.0,,,,0.0,,16.1,,98.52,,,,,,
675,-111.12,58.77,FORT CHIPEWYAN,3072655,2024-09-29 03:00,2024,9,29,03:00,2.1,,1.7,,97.0,,0.0,,4.0,,5.0,,16.1,,98.49,,,,,,
676,-111.12,58.77,FORT CHIPEWYAN,3072655,2024-09-29 04:00,2024,9,29,04:00,1.2,,0.9,,98.0,,0.0,,,M,4.0,,16.1,,98.41,,,,,,
677,-111.12,58.77,FORT CHIPEWYAN,3072655,2024-09-29 05:00,2024,9,29,05:00,2.8,,2.5,,98.0,,0.0,,6.0,,5.0,,16.1,,98.33,,,,,,
678,-111.12,58.77,FORT CHIPEWYAN,3072655,2024-09-29 06:00,2024,9,29,06:00,1.8,,1.5,,98.0,,0.0,,,M,4.0,,16.1,,98.34,,,,,,
679,-111.12,58.77,FORT CHIPEWYAN,3072655,2024-09-29 07:00,2024,9,29,07:00,2.6,,2.5,,99.0,,0.0,,7.0,,8.0,,16.1,,98.29,,,,,,
680,-111.12,58.77,FORT CHIPEWYAN,3072655,2024-09-29 08:00,2024,9,29,08:00,5.8,,5.2,,96.0,,0.0,,7.0,,5.0,,16.1,,98.26,,,,,,
681,-111.12,58.77,FORT CHIPEWYAN,3072655,2024-09-29 09:00,2024,9,29,09:00,7.6,,5.9,,89.0,,0.0,,8.0,,5.0,,16.1,,98.22,,,,,,
682,-111.12,58.77,FORT CHIPEWYAN,3072655,2024-09-29 10:00,2024,9,29,10:00,9.5,,6.0,,79.0,,0.0,,5.0,,5.0,,16.1,,98.19,,,,,,
683,-111.12,58.77,FORT CHIPEWYAN,3072655,2024-09-29 11:00,2024,9,29,11:00,10.9,,6.2,,73.0,,0.0,,5.0,,4.0,,16.1,,98.13,,,,,,
684,-111.12,58.77,FORT CHIPEWYAN,3072655,2024-09-29 12:00,2024,9,29,12:00,12.8,,4.0,,55.0,,0.0,,9.0,,5.0,,8.1,,98.1,,,,,,Haze
685,-111.12,58.77,FORT CHIPEWYAN,3072655,2024-09-29 13:00,2024,9,29,13:00,13.0,,4.1,,54.0,,0.0,,,,0.0,,16.1,,98.08,,,,,,
686,-111.12,58.77,FORT CHIPEWYAN,3072655,2024-09-29 14:00,2024,9,29,14:00,13.7,,4.9,,55.0,,0.0,,13.0,,11.0,,16.1,,98.04,,,,,,
687,-111.12,58.77,FORT CHIPEWYAN,3072655,2024-09-29 15:00,2024,9,29,15:00,13.7,,2.1,,45.0,,0.0,,,M,8.0,,16.1,,98.03,,,,,,
688,-111.12,58.77,FORT CHIPEWYAN,3072655,2024-09-29 16:00,2024,9,29,16:00,13.3,,3.3,,51.0,,0.0,,9.0,,5.0,,16.1,,98.05,,,,,,
689,-111.12,58.77,FORT CHIPEWYAN,3072655,2024-09-29 17:00,2024,9,29,17:00,12.3,,3.3,,54.0,,0.0,,17.0,,5.0,,16.1,,98.05,,,,,,
690,-111.12,58.77,FORT CHIPEWYAN,3072655,2024-09-29 18:00,2024,9,29,18:00,7.1,,3.4,,77.0,,0.0,,,,0.0,,16.1,,98.08,,,,,,
691,-111.12,58.77,FORT CHIPEWYAN,3072655,2024-09-29 19:00,2024,9,29,19:00,2.9,,1.9,,93.0,,0.0,,25.0,,5.0,,16.1,,98.11,,,,,,
692,-111.12,58.77,FORT CHIPEWYAN,3072655,2024-09-29 20:00,2024,9,29,20:00,4.2,,2.9,,91.0,,0.0,,26.0,,4.0,,16.1,,98.12,,,,,,
693,-111.12,58.77,FORT CHIPEWYAN,3072655,2024-09-29 21:00,2024,9,29,21:00,2.9,,2.0,,94.0,,0.0,,27.0,,4.0,,16.1,,98.17,,,,,,
694,-111.12,58.77,FORT CHIPEWYAN,3072655,2024-09-29 22:00,2024,9,29,22:00,4.1,,2.1,,87.0,,0.0,,31.0,,9.0,,16.1,,98.2,,,,,,
695,-111.12,58.77,FORT CHIPEWYAN,3072655,2024-09-29 23:00,2024,9,29,23:00,1.0,,0.1,,94.0,,0.0,,32.0,,9.0,,16.1,,98.22,,,,,,
696,-111.12,58.77,FORT CHIPEWYAN,3072655,2024-09-30 00:00,2024,9,30,00:00,4.1,,1.0,,80.0,,0.0,,34.0,,15.0,,16.1,,98.24,,,,,,
697,-111.12,58.77,FORT CHIPEWYAN,3072655,2024-09-30 01:00,2024,9,30,01:00,4.1,,1.5,,83.0,,0.0,,34.0,,11.0,,16.1,,98.27,,,,,,
698,-111.12,58.77,FORT CHIPEWYAN,3072655,2024-09-30 02:00,2024,9,30,02:00,3.1,,1.6,,90.0,,0.0,,32.0,,11.0,,16.1,,98.31,,,,,,
699,-111.12,58.77,FORT CHIPEWYAN,3072655,2024-09-30 03:00,2024,9,30,03:00,3.1,,1.5,,89.0,,0.0,,34.0,,11.0,,16.1,,98.33,,,,,,
700,-111.12,58.77,FORT CHIPEWYAN,3072655,2024-09-30 04:00,2024,9,30,04:00,-0.3,,-1.0,,95.0,,0.0,,,,0.0,,16.1,,98.37,,,,,,
701,-111.12,58.77,FORT CHIPEWYAN,3072655,2024-09-30 05:00,2024,9,30,05:00,-2.0,,-2.3,,98.0,,0.0,,,,0.0,,16.1,,98.43,,,,,,
702,-111.12,58.77,FORT CHIPEWYAN,3072655,2024-09-30 06:00,2024,9,30,06:00,-1.3,,-1.4,,99.0,,0.0,,26.0,,8.0,,16.1,,98.45,,,,-4.0,,
703,-111.12,58.77,FORT CHIPEWYAN,3072655,2024-09-30 07:00,2024,9,30,07:00,-1.2,,-1.5,,98.0,,0.0,,26.0,,5.0,,16.1,,98.45,,,,-3.0,,
704,-111.12,58.77,FORT CHIPEWYAN,3072655,2024-09-30 08:00,2024,9,30,08:00,1.6,,1.2,,97.0,,0.0,,26.0,,5.0,,16.1,,98.44,,,,,,
705,-111.12,58.77,FORT CHIPEWYAN,3072655,2024-09-30 09:00,2024,9,30,09:00,2.5,,2.1,,97.0,,0.0,,27.0,,4.0,,16.1,,98.44,,,,,,
706,-111.12,58.77,FORT CHIPEWYAN,3072655,2024-09-30 10:00,2024,9,30,10:00,6.8,,4.4,,84.0,,0.0,,25.0,,13.0,,16.1,,98.4,,,,,,
707,-111.12,58.77,FORT CHIPEWYAN,3072655,2024-09-30 11:00,2024,9,30,11:00,7.7,,2.6,,70.0,,0.0,,27.0,,17.0,,16.1,,98.36,,,,,,
708,-111.12,58.77,FORT CHIPEWYAN,3072655,2024-09-30 12:00,2024,9,30,12:00,7.7,,1.8,,66.0,,0.0,,25.0,,18.0,,16.1,,98.35,,,,,,
709,-111.12,58.77,FORT CHIPEWYAN,3072655,2024-09-30 13:00,2024,9,30,13:00,8.8,,1.5,,60.0,,0.0,,27.0,,22.0,,16.1,,98.34,,,,,,
710,-111.12,58.77,FORT CHIPEWYAN,3072655,2024-09-30 14:00,2024,9,30,14:00,10.5,,2.4,,57.0,,0.0,,26.0,,18.0,,16.1,,98.35,,,,,,
711,-111.12,58.77,FORT CHIPEWYAN,3072655,2024-09-30 15:00,2024,9,30,15:00,10.6,,2.4,,57.0,,0.0,,27.0,,24.0,,16.1,,98.36,,,,,,
712,-111.12,58.77,FORT CHIPEWYAN,3072655,2024-09-30 16:00,2024,9,30,16:00,5.5,,3.6,,87.0,,2.0,,26.0,,15.0,,16.1,,98.44,,,,,,Rain
713,-111.12,58.77,FORT CHIPEWYAN,3072655,2024-09-30 17:00,2024,9,30,17:00,5.9,,4.1,,88.0,,0.0,,,M,4.0,,16.1,,98.44,,,,,,
714,-111.12,58.77,FORT CHIPEWYAN,3072655,2024-09-30 18:00,2024,9,30,18:00,5.3,,3.5,,88.0,,0.0,,32.0,,9.0,,16.1,,98.47,,,,,,
715,-111.12,58.77,FORT CHIPEWYAN,3072655,2024-09-30 19:00,2024,9,30,19:00,2.6,,1.2,,90.0,,0.0,,26.0,,5.0,,16.1,,98.44,,,,,,
716,-111.12,58.77,FORT CHIPEWYAN,3072655,2024-09-30 20:00,2024,9,30,20:00,1.0,,0.6,,97.0,,0.0,,,M,4.0,,16.1,,98.38,,,,,,
717,-111.12,58.77,FORT CHIPEWYAN,3072655,2024-09-30 21:00,2024,9,30,21:00,1.6,,0.7,,94.0,,0.0,,27.0,,9.0,,16.1,,98.37,,,,,,
718,-111.12,58.77,FORT CHIPEWYAN,3072655,2024-09-30 22:00,2024,9,30,22:00,4.1,,-0.5,,72.0,,0.0,,29.0,,18.0,,16.1,,98.33,,,,,,
719,-111.12,58.77,FORT CHIPEWYAN,3072655,2024-09-30 23:00,2024,9,30,23:00,3.2,,-1.0,,74.0,,0.0,,30.0,,9.0,,16.1,,98.32,,,,,,
